{
"type": "FeatureCollection",
"name": "roads",
"crs": { "type": "name", "properties": { "name": "urn:ogc:def:crs:OGC:1.3:CRS84" } },
"features": [
{ "type": "Feature", "properties": { "road_id": "w26702408", "road_group": "major", "highway": "primary", "name": "Mbiama to Effurun, Warri", "length_km": 6.059, "source_class": "OSM contextual transport network" }, "geometry": { "type": "LineString", "coordinates": [ [ 6.2311688, 5.1790589 ], [ 6.21544, 5.1903344 ], [ 6.2135705, 5.1919024 ], [ 6.2120819, 5.1935906 ], [ 6.2105872, 5.1963502 ], [ 6.209871, 5.198424 ], [ 6.2049691, 5.2180771 ], [ 6.2041822, 5.2196219 ], [ 6.203529, 5.2205447 ], [ 6.201921338417017, 5.222019473146664 ] ] } },
{ "type": "Feature", "properties": { "road_id": "w605202317", "road_group": "major", "highway": "primary_link", "name": null, "length_km": 0.021, "source_class": "OSM contextual transport network" }, "geometry": { "type": "LineString", "coordinates": [ [ 6.2261121, 5.1824409 ], [ 6.2262222, 5.1825997 ] ] } },
{ "type": "Feature", "properties": { "road_id": "w605202319", "road_group": "major", "highway": "primary_link", "name": null, "length_km": 0.023, "source_class": "OSM contextual transport network" }, "geometry": { "type": "LineString", "coordinates": [ [ 6.2203473, 5.1865549 ], [ 6.2204789, 5.1867155 ] ] } },
{ "type": "Feature", "properties": { "road_id": "w605202320", "road_group": "major", "highway": "primary_link", "name": null, "length_km": 0.017, "source_class": "OSM contextual transport network" }, "geometry": { "type": "LineString", "coordinates": [ [ 6.2093434, 5.1998635 ], [ 6.2094914, 5.1999116 ] ] } },
{ "type": "Feature", "properties": { "road_id": "w605202322", "road_group": "major", "highway": "primary_link", "name": null, "length_km": 0.019, "source_class": "OSM contextual transport network" }, "geometry": { "type": "LineString", "coordinates": [ [ 6.2053627, 5.2160325 ], [ 6.2055295, 5.216068 ] ] } },
{ "type": "Feature", "properties": { "road_id": "w605202329", "road_group": "major", "highway": "primary", "name": "Mbiama to Effurun, Warri", "length_km": 6.053, "source_class": "OSM contextual transport network" }, "geometry": { "type": "LineString", "coordinates": [ [ 6.201862913859534, 5.221833492145293 ], [ 6.2027076, 5.2211327 ], [ 6.2034935, 5.2202726 ], [ 6.2041801, 5.2192495 ], [ 6.2049284, 5.2176335 ], [ 6.2097083, 5.1983601 ], [ 6.2103584, 5.1964171 ], [ 6.2115562, 5.1940447 ], [ 6.2130395, 5.1921481 ], [ 6.2143725, 5.190898 ], [ 6.2310586, 5.1788923 ] ] } },
{ "type": "Feature", "properties": { "road_id": "w605223037", "road_group": "major", "highway": "primary", "name": null, "length_km": 0.067, "source_class": "OSM contextual transport network" }, "geometry": { "type": "LineString", "coordinates": [ [ 6.2418427, 5.1713374 ], [ 6.2413597, 5.1716955 ] ] } },
{ "type": "Feature", "properties": { "road_id": "w605223039", "road_group": "major", "highway": "primary", "name": null, "length_km": 0.268, "source_class": "OSM contextual transport network" }, "geometry": { "type": "LineString", "coordinates": [ [ 6.243790695640607, 5.169905093534251 ], [ 6.2418427, 5.1713374 ] ] } },
{ "type": "Feature", "properties": { "road_id": "w605223041", "road_group": "major", "highway": "primary", "name": null, "length_km": 0.065, "source_class": "OSM contextual transport network" }, "geometry": { "type": "LineString", "coordinates": [ [ 6.2412405, 5.1715277 ], [ 6.2417192, 5.1711868 ] ] } },
{ "type": "Feature", "properties": { "road_id": "w605223044", "road_group": "major", "highway": "primary", "name": null, "length_km": 0.272, "source_class": "OSM contextual transport network" }, "geometry": { "type": "LineString", "coordinates": [ [ 6.2417192, 5.1711868 ], [ 6.243696250539343, 5.169735942301564 ] ] } },
{ "type": "Feature", "properties": { "road_id": "w906130197", "road_group": "major", "highway": "primary", "name": null, "length_km": 1.335, "source_class": "OSM contextual transport network" }, "geometry": { "type": "LineString", "coordinates": [ [ 6.2314737, 5.1785754 ], [ 6.2412405, 5.1715277 ] ] } },
{ "type": "Feature", "properties": { "road_id": "w906130198", "road_group": "major", "highway": "primary", "name": null, "length_km": 0.058, "source_class": "OSM contextual transport network" }, "geometry": { "type": "LineString", "coordinates": [ [ 6.2310586, 5.1788923 ], [ 6.2314737, 5.1785754 ] ] } },
{ "type": "Feature", "properties": { "road_id": "w906130199", "road_group": "major", "highway": "primary", "name": null, "length_km": 1.33, "source_class": "OSM contextual transport network" }, "geometry": { "type": "LineString", "coordinates": [ [ 6.2413597, 5.1716955 ], [ 6.2316308, 5.1787108 ] ] } },
{ "type": "Feature", "properties": { "road_id": "w906130200", "road_group": "major", "highway": "primary", "name": null, "length_km": 0.064, "source_class": "OSM contextual transport network" }, "geometry": { "type": "LineString", "coordinates": [ [ 6.2316308, 5.1787108 ], [ 6.2311688, 5.1790589 ] ] } },
{ "type": "Feature", "properties": { "road_id": "w374272576", "road_group": "local", "highway": "tertiary", "name": "Etelebou through Tombia-Amassoma Rd", "length_km": 1.536, "source_class": "OSM contextual transport network" }, "geometry": { "type": "LineString", "coordinates": [ [ 6.134942809614969, 4.989627412935009 ], [ 6.1290591, 4.9914584 ], [ 6.1216827, 4.9935811 ] ] } },
{ "type": "Feature", "properties": { "road_id": "w374272577", "road_group": "local", "highway": "tertiary", "name": null, "length_km": 0.05, "source_class": "OSM contextual transport network" }, "geometry": { "type": "LineString", "coordinates": [ [ 6.121233, 4.9935764 ], [ 6.1216827, 4.9935811 ] ] } },
{ "type": "Feature", "properties": { "road_id": "w374272578", "road_group": "local", "highway": "tertiary", "name": null, "length_km": 0.045, "source_class": "OSM contextual transport network" }, "geometry": { "type": "LineString", "coordinates": [ [ 6.1208367, 4.9936977 ], [ 6.1207082, 4.9933205 ] ] } },
{ "type": "Feature", "properties": { "road_id": "w374272579", "road_group": "local", "highway": "tertiary", "name": null, "length_km": 0.053, "source_class": "OSM contextual transport network" }, "geometry": { "type": "LineString", "coordinates": [ [ 6.1216827, 4.9935811 ], [ 6.1213056, 4.993871 ] ] } },
{ "type": "Feature", "properties": { "road_id": "w374272582", "road_group": "local", "highway": "tertiary", "name": null, "length_km": 0.173, "source_class": "OSM contextual transport network" }, "geometry": { "type": "LineString", "coordinates": [ [ 6.121233, 4.9935764 ], [ 6.1213266, 4.9937652 ], [ 6.1212452, 4.9939551 ], [ 6.120933, 4.9939757 ], [ 6.1208303, 4.9938186 ], [ 6.1208924, 4.9936014 ], [ 6.121233, 4.9935764 ] ] } },
{ "type": "Feature", "properties": { "road_id": "w374272583", "road_group": "local", "highway": "tertiary", "name": "Amassoma Road", "length_km": 1.87, "source_class": "OSM contextual transport network" }, "geometry": { "type": "LineString", "coordinates": [ [ 6.1207082, 4.9933205 ], [ 6.110480850681689, 4.979898810322177 ] ] } },
{ "type": "Feature", "properties": { "road_id": "w374272591", "road_group": "local", "highway": "tertiary", "name": null, "length_km": 3.506, "source_class": "OSM contextual transport network" }, "geometry": { "type": "LineString", "coordinates": [ [ 6.090403377162853, 4.991451722590938 ], [ 6.1032373, 4.9962167 ], [ 6.1049065, 4.9966123 ], [ 6.1063173, 4.9965159 ], [ 6.1208303, 4.9938186 ] ] } },
{ "type": "Feature", "properties": { "road_id": "w374272593", "road_group": "local", "highway": "residential", "name": "Swali - Oguobiri", "length_km": 1.032, "source_class": "OSM contextual transport network" }, "geometry": { "type": "LineString", "coordinates": [ [ 6.1209491, 4.9996054 ], [ 6.1167501, 4.99818 ], [ 6.1120339, 4.9970173 ] ] } },
{ "type": "Feature", "properties": { "road_id": "w374272606", "road_group": "local", "highway": "residential", "name": "University Road", "length_km": 1.616, "source_class": "OSM contextual transport network" }, "geometry": { "type": "LineString", "coordinates": [ [ 6.1090553, 4.9909078 ], [ 6.1061621, 4.9915801 ], [ 6.105167, 4.9915587 ], [ 6.104243, 4.9910457 ], [ 6.1018518, 4.9889588 ], [ 6.1009559, 4.9878018 ], [ 6.100612, 4.9867169 ], [ 6.1005643, 4.9860409 ], [ 6.100898656001751, 4.982971046090271 ] ] } },
{ "type": "Feature", "properties": { "road_id": "w374272612", "road_group": "local", "highway": "unclassified", "name": null, "length_km": 5.613, "source_class": "OSM contextual transport network" }, "geometry": { "type": "LineString", "coordinates": [ [ 6.0252832, 4.9663177 ], [ 6.0267835, 4.9693303 ], [ 6.0281271, 4.9714612 ], [ 6.0290776, 4.9718438 ], [ 6.0324184, 4.9740288 ], [ 6.0337004, 4.9746476 ], [ 6.0362367, 4.9750812 ], [ 6.0383371, 4.9757001 ], [ 6.0409917, 4.9760623 ], [ 6.0452212, 4.9760431 ], [ 6.0463577, 4.976395 ], [ 6.0470607, 4.9764671 ], [ 6.0474839, 4.9764525 ], [ 6.0490702, 4.9760064 ], [ 6.0507264, 4.975854 ], [ 6.0549831, 4.9763313 ], [ 6.0593361, 4.9771108 ], [ 6.0603292, 4.977116 ], [ 6.060684, 4.9772202 ], [ 6.0639385, 4.9794573 ], [ 6.0666921, 4.9808448 ], [ 6.0685, 4.9811191 ], [ 6.070483295021877, 4.980966977851511 ] ] } },
{ "type": "Feature", "properties": { "road_id": "w374287838", "road_group": "local", "highway": "unclassified", "name": "Swali - Oguobiri", "length_km": 6.555, "source_class": "OSM contextual transport network" }, "geometry": { "type": "LineString", "coordinates": [ [ 6.1209236, 4.9944277 ], [ 6.1206606, 4.9973275 ], [ 6.1207039, 4.9985046 ], [ 6.1209491, 4.9996054 ], [ 6.1212546, 4.9998722 ], [ 6.1238427, 5.0011613 ], [ 6.1246561, 5.0019102 ], [ 6.1254202, 5.0032975 ], [ 6.1268868, 5.0043166 ], [ 6.1284766, 5.0056548 ], [ 6.1289449, 5.0063669 ], [ 6.1290024, 5.0065979 ], [ 6.1285633, 5.0072135 ], [ 6.1284251, 5.0076266 ], [ 6.128539, 5.009036 ], [ 6.1299049, 5.0107856 ], [ 6.1298887, 5.0120977 ], [ 6.1302221, 5.0145601 ], [ 6.1325882, 5.0235103 ], [ 6.1332224, 5.0248873 ], [ 6.1355234, 5.0282324 ], [ 6.1363447, 5.0288804 ], [ 6.1383611, 5.0300549 ], [ 6.1405646, 5.0310268 ], [ 6.1423046, 5.031367 ], [ 6.1433952, 5.0313407 ], [ 6.1447475, 5.0309095 ], [ 6.1454737, 5.0304818 ], [ 6.1477728, 5.0280303 ], [ 6.1489477, 5.0272057 ], [ 6.1513299, 5.0258446 ], [ 6.1515568, 5.0254761 ], [ 6.1520094, 5.0251296 ] ] } },
{ "type": "Feature", "properties": { "road_id": "w374287849", "road_group": "local", "highway": "residential", "name": null, "length_km": 0.353, "source_class": "OSM contextual transport network" }, "geometry": { "type": "LineString", "coordinates": [ [ 6.1155907, 5.0162104 ], [ 6.1164566, 5.0151063 ], [ 6.1169743, 5.0146434 ], [ 6.1174092, 5.0136484 ] ] } },
{ "type": "Feature", "properties": { "road_id": "w374287852", "road_group": "local", "highway": "unclassified", "name": null, "length_km": 5.062, "source_class": "OSM contextual transport network" }, "geometry": { "type": "MultiLineString", "coordinates": [ [ [ 6.06492267798642, 4.995826951919806 ], [ 6.0636514, 4.9958142 ], [ 6.0629969, 4.9961027 ], [ 6.0613768, 4.995889 ], [ 6.0572999, 4.9961669 ], [ 6.0551103, 4.9957869 ], [ 6.0545872, 4.9958521 ], [ 6.0539241, 4.9962056 ], [ 6.0527959, 4.9984848 ], [ 6.0522105, 5.0003202 ], [ 6.050824, 5.0050102 ], [ 6.050878696926723, 5.005956019862244 ] ], [ [ 6.070172207872371, 5.027608530743839 ], [ 6.0733409, 5.0300871 ], [ 6.0736934, 5.030548 ], [ 6.0738313, 5.0308331 ], [ 6.0742765, 5.0333929 ], [ 6.0750993, 5.0350676 ], [ 6.0757856, 5.0372013 ], [ 6.0765306, 5.0381366 ], [ 6.077234, 5.0385773 ], [ 6.0805735, 5.0398025 ], [ 6.0816375, 5.0403489 ], [ 6.0831134, 5.0408834 ], [ 6.0841891, 5.040918 ], [ 6.0851216, 5.0404173 ], [ 6.0856399, 5.0403455 ], [ 6.0862821, 5.0403631 ], [ 6.0870787, 5.0405715 ] ] ] } },
{ "type": "Feature", "properties": { "road_id": "w374287872", "road_group": "local", "highway": "residential", "name": null, "length_km": 1.148, "source_class": "OSM contextual transport network" }, "geometry": { "type": "LineString", "coordinates": [ [ 6.0868803, 5.0381888 ], [ 6.0871281, 5.0395162 ], [ 6.0870927, 5.0412454 ], [ 6.0872353, 5.0430409 ], [ 6.088115, 5.0475942 ], [ 6.0881092, 5.0477193 ], [ 6.0874745, 5.0480384 ] ] } },
{ "type": "Feature", "properties": { "road_id": "w374287880", "road_group": "local", "highway": "unclassified", "name": null, "length_km": 5.822, "source_class": "OSM contextual transport network" }, "geometry": { "type": "LineString", "coordinates": [ [ 6.123874, 5.0630845 ], [ 6.12446, 5.0637017 ], [ 6.1251625, 5.0649634 ], [ 6.126373, 5.0675913 ], [ 6.1270081, 5.0682891 ], [ 6.1276992, 5.071536 ], [ 6.12882, 5.0731827 ], [ 6.1296513, 5.0748108 ], [ 6.1303331, 5.0776483 ], [ 6.1308095, 5.0809045 ], [ 6.1313232, 5.0825977 ], [ 6.1313605, 5.0830628 ], [ 6.1311364, 5.0844211 ], [ 6.1303144, 5.0870446 ], [ 6.1271015, 5.0939289 ], [ 6.1264944, 5.0955477 ], [ 6.1264103, 5.0963477 ], [ 6.1267372, 5.0969617 ], [ 6.1268235, 5.0973637 ], [ 6.1267668, 5.0978149 ], [ 6.1262572, 5.0996057 ], [ 6.125428, 5.1035176 ], [ 6.1246126, 5.1060396 ], [ 6.123957, 5.1088316 ], [ 6.1235261, 5.1095119 ], [ 6.1235423, 5.1112126 ], [ 6.1240056, 5.1121938 ] ] } },
{ "type": "Feature", "properties": { "road_id": "w374287890", "road_group": "local", "highway": "residential", "name": null, "length_km": 1.146, "source_class": "OSM contextual transport network" }, "geometry": { "type": "LineString", "coordinates": [ [ 6.1661905, 5.1134546 ], [ 6.1657983, 5.1140686 ], [ 6.1647332, 5.1152481 ], [ 6.1647843, 5.1160405 ], [ 6.164952, 5.1165869 ], [ 6.1649325, 5.1170906 ], [ 6.164625, 5.1179091 ], [ 6.1646214, 5.118934 ], [ 6.1647433, 5.119436 ], [ 6.1651538, 5.1201502 ], [ 6.1659199, 5.1207579 ], [ 6.1670729, 5.1222803 ] ] } },
{ "type": "Feature", "properties": { "road_id": "w377132448", "road_group": "local", "highway": "residential", "name": null, "length_km": 1.435, "source_class": "OSM contextual transport network" }, "geometry": { "type": "LineString", "coordinates": [ [ 6.0462781, 5.0923749 ], [ 6.0457216, 5.0924423 ], [ 6.0455894, 5.0926757 ], [ 6.0448899, 5.0925157 ], [ 6.0442079, 5.0922044 ], [ 6.0412032, 5.0915281 ], [ 6.0363837, 5.0918892 ], [ 6.0359868, 5.0920287 ], [ 6.0337825, 5.0921125 ] ] } },
{ "type": "Feature", "properties": { "road_id": "w377132452", "road_group": "local", "highway": "unclassified", "name": null, "length_km": 0.437, "source_class": "OSM contextual transport network" }, "geometry": { "type": "LineString", "coordinates": [ [ 6.0025089, 5.1144944 ], [ 6.0027503, 5.1148684 ], [ 6.0026564, 5.1150714 ], [ 6.0027507, 5.115371 ], [ 6.0024447, 5.1165563 ], [ 6.0024075783896, 5.11828726229613 ] ] } },
{ "type": "Feature", "properties": { "road_id": "w377132455", "road_group": "local", "highway": "tertiary", "name": null, "length_km": 5.405, "source_class": "OSM contextual transport network" }, "geometry": { "type": "LineString", "coordinates": [ [ 6.097858883240888, 5.154395562003593 ], [ 6.0981885, 5.1539289 ], [ 6.0985705, 5.1536382 ], [ 6.1020746, 5.1522932 ], [ 6.104415, 5.1510109 ], [ 6.1052676, 5.1499851 ], [ 6.1076309, 5.1481849 ], [ 6.1087668, 5.146753 ], [ 6.1096392, 5.145931 ], [ 6.1113396, 5.1454162 ], [ 6.1170697, 5.1432615 ], [ 6.1213019, 5.1415033 ], [ 6.1256793, 5.1404476 ], [ 6.1309316, 5.1396331 ], [ 6.1320547, 5.1396746 ], [ 6.138264, 5.1406239 ], [ 6.1397761, 5.1411232 ], [ 6.1421616, 5.1421552 ] ] } },
{ "type": "Feature", "properties": { "road_id": "w377147191", "road_group": "local", "highway": "residential", "name": null, "length_km": 0.681, "source_class": "OSM contextual transport network" }, "geometry": { "type": "LineString", "coordinates": [ [ 6.077535498657562, 5.139245037218044 ], [ 6.0810927, 5.1403353 ], [ 6.083115, 5.1416617 ] ] } },
{ "type": "Feature", "properties": { "road_id": "w377147194", "road_group": "local", "highway": "residential", "name": null, "length_km": 0.124, "source_class": "OSM contextual transport network" }, "geometry": { "type": "LineString", "coordinates": [ [ 6.0267835, 4.9693303 ], [ 6.0257772, 4.9698072 ] ] } },
{ "type": "Feature", "properties": { "road_id": "w377147195", "road_group": "local", "highway": "residential", "name": null, "length_km": 0.087, "source_class": "OSM contextual transport network" }, "geometry": { "type": "LineString", "coordinates": [ [ 6.0257172, 4.9709516 ], [ 6.0262847, 4.9704051 ] ] } },
{ "type": "Feature", "properties": { "road_id": "w377147198", "road_group": "local", "highway": "residential", "name": null, "length_km": 0.408, "source_class": "OSM contextual transport network" }, "geometry": { "type": "LineString", "coordinates": [ [ 6.0262847, 4.9704051 ], [ 6.0257772, 4.9698072 ], [ 6.0245036, 4.9672028 ] ] } },
{ "type": "Feature", "properties": { "road_id": "w377147200", "road_group": "local", "highway": "residential", "name": null, "length_km": 3.726, "source_class": "OSM contextual transport network" }, "geometry": { "type": "LineString", "coordinates": [ [ 6.1100627, 5.1381425 ], [ 6.1098698, 5.1383715 ], [ 6.1063508, 5.1402255 ], [ 6.1058076, 5.140363 ], [ 6.1052471, 5.1403003 ], [ 6.1005322, 5.1431752 ], [ 6.0994452, 5.1434449 ], [ 6.0923642, 5.1444226 ], [ 6.0905456, 5.1444814 ], [ 6.0871906, 5.1439378 ], [ 6.0839773, 5.1429226 ], [ 6.0817593, 5.1426381 ], [ 6.078451198280199, 5.141447461229792 ] ] } },
{ "type": "Feature", "properties": { "road_id": "w377151590", "road_group": "local", "highway": "residential", "name": null, "length_km": 1.726, "source_class": "OSM contextual transport network" }, "geometry": { "type": "LineString", "coordinates": [ [ 6.2080724, 5.1951765 ], [ 6.2075214, 5.1955073 ], [ 6.2071838, 5.1998896 ], [ 6.2068118, 5.2017189 ], [ 6.2060508, 5.2089734 ], [ 6.205714, 5.2102884 ] ] } },
{ "type": "Feature", "properties": { "road_id": "w377151592", "road_group": "local", "highway": "tertiary", "name": null, "length_km": 3.138, "source_class": "OSM contextual transport network" }, "geometry": { "type": "MultiLineString", "coordinates": [ [ [ 6.180730802831031, 5.171405874688988 ], [ 6.180006, 5.1700898 ], [ 6.1792936, 5.1691751 ], [ 6.1783981, 5.1683909 ], [ 6.1766751, 5.1675539 ], [ 6.1745594, 5.1675179 ], [ 6.173061299801267, 5.167296573449232 ] ], [ [ 6.154297947380445, 5.156013621255403 ], [ 6.1536544, 5.1542056 ], [ 6.1529905, 5.1528078 ], [ 6.1515535, 5.1504391 ], [ 6.1492172, 5.1474343 ], [ 6.1448808, 5.1436678 ], [ 6.1433681, 5.1427303 ], [ 6.1421616, 5.1421552 ] ] ] } },
{ "type": "Feature", "properties": { "road_id": "w377151593", "road_group": "local", "highway": "residential", "name": null, "length_km": 0.374, "source_class": "OSM contextual transport network" }, "geometry": { "type": "LineString", "coordinates": [ [ 6.2107816, 5.195527 ], [ 6.2090483, 5.1956191 ], [ 6.2075077, 5.1961459 ] ] } },
{ "type": "Feature", "properties": { "road_id": "w377153405", "road_group": "local", "highway": "tertiary", "name": null, "length_km": 0.027, "source_class": "OSM contextual transport network" }, "geometry": { "type": "LineString", "coordinates": [ [ 6.2161396, 5.1725083 ], [ 6.2162875, 5.1727076 ] ] } },
{ "type": "Feature", "properties": { "road_id": "w377153411", "road_group": "local", "highway": "tertiary", "name": null, "length_km": 1.511, "source_class": "OSM contextual transport network" }, "geometry": { "type": "LineString", "coordinates": [ [ 6.2162875, 5.1727076 ], [ 6.2242025, 5.1838203 ] ] } },
{ "type": "Feature", "properties": { "road_id": "w377156531", "road_group": "local", "highway": "tertiary", "name": null, "length_km": 0.083, "source_class": "OSM contextual transport network" }, "geometry": { "type": "LineString", "coordinates": [ [ 6.3013317, 5.2261196 ], [ 6.301254, 5.225371 ] ] } },
{ "type": "Feature", "properties": { "road_id": "w377156532", "road_group": "local", "highway": "tertiary", "name": null, "length_km": 0.054, "source_class": "OSM contextual transport network" }, "geometry": { "type": "LineString", "coordinates": [ [ 6.2992376, 5.2071347 ], [ 6.299189589269941, 5.206651406567121 ] ] } },
{ "type": "Feature", "properties": { "road_id": "w377156533", "road_group": "local", "highway": "tertiary", "name": null, "length_km": 0.037, "source_class": "OSM contextual transport network" }, "geometry": { "type": "LineString", "coordinates": [ [ 6.3030341, 5.2415316 ], [ 6.303001, 5.2411968 ] ] } },
{ "type": "Feature", "properties": { "road_id": "w377156535", "road_group": "local", "highway": "tertiary", "name": null, "length_km": 5.009, "source_class": "OSM contextual transport network" }, "geometry": { "type": "LineString", "coordinates": [ [ 6.330766805719948, 5.299620959197475 ], [ 6.3120224, 5.2849629 ], [ 6.3103827, 5.283473 ], [ 6.3094046, 5.282313 ], [ 6.3086712, 5.281199 ], [ 6.3079206, 5.2797505 ], [ 6.3074359, 5.2784481 ], [ 6.3070348, 5.2768516 ], [ 6.3056815, 5.2652517 ] ] } },
{ "type": "Feature", "properties": { "road_id": "w377156536", "road_group": "local", "highway": "tertiary", "name": null, "length_km": 1.679, "source_class": "OSM contextual transport network" }, "geometry": { "type": "LineString", "coordinates": [ [ 6.303001, 5.2411968 ], [ 6.3013317, 5.2261196 ] ] } },
{ "type": "Feature", "properties": { "road_id": "w377307822", "road_group": "local", "highway": "unclassified", "name": null, "length_km": 5.886, "source_class": "OSM contextual transport network" }, "geometry": { "type": "LineString", "coordinates": [ [ 6.524235219151622, 5.388464961897059 ], [ 6.5242154, 5.388125 ], [ 6.524523, 5.3869957 ], [ 6.5245273, 5.3863961 ], [ 6.5231925, 5.3837968 ], [ 6.5214826, 5.3822252 ], [ 6.5211469, 5.3815296 ], [ 6.5209583, 5.378034 ], [ 6.5213533, 5.3769072 ], [ 6.5224275, 5.3749394 ], [ 6.5224841, 5.3743815 ], [ 6.5222475, 5.3714771 ], [ 6.5215045, 5.3695287 ], [ 6.5220067, 5.366484 ], [ 6.521853, 5.3658838 ], [ 6.5178231, 5.3573921 ], [ 6.5171173, 5.3545351 ], [ 6.5169228, 5.3527606 ], [ 6.5156543, 5.3502075 ], [ 6.515361, 5.3493414 ], [ 6.515361, 5.3490192 ], [ 6.5151607, 5.3489144 ], [ 6.5145275, 5.348117 ], [ 6.5145608, 5.3476677 ], [ 6.5142086, 5.3460344 ], [ 6.5140152, 5.3440166 ], [ 6.5138231, 5.3435452 ], [ 6.5136485, 5.3415828 ], [ 6.5138875, 5.3412357 ], [ 6.5143806, 5.3411386 ], [ 6.5146774, 5.3394871 ] ] } },
{ "type": "Feature", "properties": { "road_id": "w377445931", "road_group": "local", "highway": "service", "name": null, "length_km": 0.191, "source_class": "OSM contextual transport network" }, "geometry": { "type": "LineString", "coordinates": [ [ 6.3766927, 5.2448155 ], [ 6.3775257, 5.2448848 ], [ 6.3778616, 5.2447889 ], [ 6.3783748, 5.2449206 ] ] } },
{ "type": "Feature", "properties": { "road_id": "w377445933", "road_group": "local", "highway": "residential", "name": null, "length_km": 1.111, "source_class": "OSM contextual transport network" }, "geometry": { "type": "LineString", "coordinates": [ [ 6.3784384, 5.2452182 ], [ 6.3794774, 5.2448094 ], [ 6.3813048, 5.2444909 ], [ 6.3821194, 5.2444737 ], [ 6.3849195, 5.244925 ], [ 6.3871537, 5.2456487 ], [ 6.388159, 5.2458378 ] ] } },
{ "type": "Feature", "properties": { "road_id": "w377445935", "road_group": "local", "highway": "residential", "name": null, "length_km": 0.23, "source_class": "OSM contextual transport network" }, "geometry": { "type": "LineString", "coordinates": [ [ 6.3802205, 5.2425707 ], [ 6.3805864, 5.244608 ] ] } },
{ "type": "Feature", "properties": { "road_id": "w377445941", "road_group": "local", "highway": "residential", "name": null, "length_km": 0.265, "source_class": "OSM contextual transport network" }, "geometry": { "type": "LineString", "coordinates": [ [ 6.3811974, 5.2455353 ], [ 6.3813576, 5.2446262 ], [ 6.3810035, 5.2432065 ] ] } },
{ "type": "Feature", "properties": { "road_id": "w377445943", "road_group": "local", "highway": "unclassified", "name": null, "length_km": 2.268, "source_class": "OSM contextual transport network" }, "geometry": { "type": "LineString", "coordinates": [ [ 6.4415752, 5.2614712 ], [ 6.4428173, 5.2611729 ], [ 6.4431228, 5.2612216 ], [ 6.4530039, 5.265421 ], [ 6.4574618, 5.2698708 ], [ 6.4585817, 5.2713222 ] ] } },
{ "type": "Feature", "properties": { "road_id": "w377445944", "road_group": "local", "highway": "residential", "name": null, "length_km": 2.085, "source_class": "OSM contextual transport network" }, "geometry": { "type": "LineString", "coordinates": [ [ 6.3614506, 5.239501 ], [ 6.3626336, 5.2400596 ], [ 6.3648711, 5.2414679 ], [ 6.3658498, 5.2422933 ], [ 6.3673738, 5.2432507 ], [ 6.3713711, 5.2451321 ], [ 6.3723131, 5.2453347 ], [ 6.3728614, 5.2452104 ], [ 6.3743754, 5.2453252 ], [ 6.3768639, 5.2450986 ], [ 6.3771222, 5.24537 ], [ 6.3776779, 5.2455603 ], [ 6.3784703, 5.2455572 ] ] } },
{ "type": "Feature", "properties": { "road_id": "w377445947", "road_group": "local", "highway": "residential", "name": null, "length_km": 2.061, "source_class": "OSM contextual transport network" }, "geometry": { "type": "LineString", "coordinates": [ [ 6.376701, 5.2442281 ], [ 6.3777451, 5.2441118 ], [ 6.3805977, 5.2431717 ], [ 6.3825144, 5.2432513 ], [ 6.3848866, 5.2436304 ], [ 6.3855361, 5.2439067 ], [ 6.3865741, 5.244745 ], [ 6.386956, 5.2448794 ], [ 6.3906779, 5.245721 ], [ 6.3945608, 5.2463015 ] ] } },
{ "type": "Feature", "properties": { "road_id": "w377445948", "road_group": "local", "highway": "residential", "name": null, "length_km": 0.279, "source_class": "OSM contextual transport network" }, "geometry": { "type": "LineString", "coordinates": [ [ 6.3826435, 5.2432671 ], [ 6.38276, 5.2441319 ], [ 6.3826979, 5.2445899 ], [ 6.3821245, 5.2456306 ] ] } },
{ "type": "Feature", "properties": { "road_id": "w377960698", "road_group": "local", "highway": "residential", "name": null, "length_km": 0.836, "source_class": "OSM contextual transport network" }, "geometry": { "type": "LineString", "coordinates": [ [ 6.0322309, 4.8564153 ], [ 6.0308233, 4.8573527 ], [ 6.0257062, 4.8601802 ] ] } },
{ "type": "Feature", "properties": { "road_id": "w519127491", "road_group": "local", "highway": "tertiary", "name": null, "length_km": 0.234, "source_class": "OSM contextual transport network" }, "geometry": { "type": "LineString", "coordinates": [ [ 6.1206532, 5.1137576 ], [ 6.1225566, 5.1128468 ] ] } },
{ "type": "Feature", "properties": { "road_id": "w519127493", "road_group": "local", "highway": "tertiary", "name": null, "length_km": 13.282, "source_class": "OSM contextual transport network" }, "geometry": { "type": "LineString", "coordinates": [ [ 6.1225566, 5.1128468 ], [ 6.1267447, 5.1109437 ], [ 6.1281824, 5.110559 ], [ 6.130361, 5.1102756 ], [ 6.13169, 5.110301 ], [ 6.1509583, 5.1118867 ], [ 6.1534409, 5.1122714 ], [ 6.1620494, 5.1145218 ], [ 6.1762929, 5.1183638 ], [ 6.1777032, 5.1189964 ], [ 6.1786472, 5.1197077 ], [ 6.1795039, 5.120682 ], [ 6.1919502, 5.1363886 ], [ 6.2025394, 5.1493627 ], [ 6.2050735, 5.1532495 ], [ 6.2124955, 5.1667819 ], [ 6.2144086, 5.1700629 ] ] } },
{ "type": "Feature", "properties": { "road_id": "w555256190", "road_group": "local", "highway": "tertiary", "name": null, "length_km": 0.048, "source_class": "OSM contextual transport network" }, "geometry": { "type": "LineString", "coordinates": [ [ 6.1207082, 4.9933205 ], [ 6.1210949, 4.9935221 ] ] } },
{ "type": "Feature", "properties": { "road_id": "w555256193", "road_group": "local", "highway": "unclassified", "name": null, "length_km": 0.054, "source_class": "OSM contextual transport network" }, "geometry": { "type": "LineString", "coordinates": [ [ 6.1211558, 4.9940075 ], [ 6.1209236, 4.9944277 ] ] } },
{ "type": "Feature", "properties": { "road_id": "w555256195", "road_group": "local", "highway": "unclassified", "name": null, "length_km": 0.05, "source_class": "OSM contextual transport network" }, "geometry": { "type": "LineString", "coordinates": [ [ 6.1209236, 4.9944277 ], [ 6.120933, 4.9939757 ] ] } },
{ "type": "Feature", "properties": { "road_id": "w555386160", "road_group": "local", "highway": "tertiary", "name": null, "length_km": 0.089, "source_class": "OSM contextual transport network" }, "geometry": { "type": "LineString", "coordinates": [ [ 6.3056815, 5.2652517 ], [ 6.3055989, 5.2644517 ] ] } },
{ "type": "Feature", "properties": { "road_id": "w555386161", "road_group": "local", "highway": "tertiary", "name": null, "length_km": 1.755, "source_class": "OSM contextual transport network" }, "geometry": { "type": "LineString", "coordinates": [ [ 6.3055989, 5.2644517 ], [ 6.3038327, 5.2486966 ] ] } },
{ "type": "Feature", "properties": { "road_id": "w555386162", "road_group": "local", "highway": "tertiary", "name": null, "length_km": 0.041, "source_class": "OSM contextual transport network" }, "geometry": { "type": "LineString", "coordinates": [ [ 6.3038327, 5.2486966 ], [ 6.3037897, 5.2483254 ] ] } },
{ "type": "Feature", "properties": { "road_id": "w555386163", "road_group": "local", "highway": "tertiary", "name": null, "length_km": 0.756, "source_class": "OSM contextual transport network" }, "geometry": { "type": "LineString", "coordinates": [ [ 6.3037897, 5.2483254 ], [ 6.3030341, 5.2415316 ] ] } },
{ "type": "Feature", "properties": { "road_id": "w601997599", "road_group": "local", "highway": "tertiary", "name": null, "length_km": 0.023, "source_class": "OSM contextual transport network" }, "geometry": { "type": "LineString", "coordinates": [ [ 6.2992644, 5.2073431 ], [ 6.2992376, 5.2071347 ] ] } },
{ "type": "Feature", "properties": { "road_id": "w601997600", "road_group": "local", "highway": "tertiary", "name": null, "length_km": 2.007, "source_class": "OSM contextual transport network" }, "geometry": { "type": "LineString", "coordinates": [ [ 6.301254, 5.225371 ], [ 6.2992644, 5.2073431 ] ] } },
{ "type": "Feature", "properties": { "road_id": "w669107168", "road_group": "local", "highway": "service", "name": null, "length_km": 0.176, "source_class": "OSM contextual transport network" }, "geometry": { "type": "LineString", "coordinates": [ [ 6.103265362957963, 4.981386787751916 ], [ 6.1038007, 4.9816606 ], [ 6.1042415, 4.9807821 ] ] } },
{ "type": "Feature", "properties": { "road_id": "w692911902", "road_group": "local", "highway": "residential", "name": null, "length_km": 1.416, "source_class": "OSM contextual transport network" }, "geometry": { "type": "LineString", "coordinates": [ [ 6.1206062, 5.1137762 ], [ 6.1207795, 5.1132626 ], [ 6.1207661, 5.1119909 ], [ 6.1209726, 5.1111521 ], [ 6.1209458, 5.1100166 ], [ 6.1211497, 5.1095197 ], [ 6.1217156, 5.1051945 ], [ 6.1219463, 5.1011444 ] ] } },
{ "type": "Feature", "properties": { "road_id": "w692911903", "road_group": "local", "highway": "residential", "name": null, "length_km": 1.614, "source_class": "OSM contextual transport network" }, "geometry": { "type": "LineString", "coordinates": [ [ 6.1197871, 5.1141762 ], [ 6.1197388, 5.1135992 ], [ 6.1199641, 5.1114246 ], [ 6.1194062, 5.1092392 ], [ 6.1192131, 5.1054242 ], [ 6.1182368, 5.1028488 ], [ 6.1182422, 5.0998887 ] ] } },
{ "type": "Feature", "properties": { "road_id": "w697896980", "road_group": "local", "highway": "residential", "name": null, "length_km": 0.182, "source_class": "OSM contextual transport network" }, "geometry": { "type": "LineString", "coordinates": [ [ 6.0829536, 5.1427923 ], [ 6.0832309, 5.1411756 ] ] } },
{ "type": "Feature", "properties": { "road_id": "w697914969", "road_group": "local", "highway": "residential", "name": null, "length_km": 0.29, "source_class": "OSM contextual transport network" }, "geometry": { "type": "LineString", "coordinates": [ [ 6.0867896, 5.1438429 ], [ 6.0874002, 5.1412986 ] ] } },
{ "type": "Feature", "properties": { "road_id": "w697914970", "road_group": "local", "highway": "service", "name": null, "length_km": 0.458, "source_class": "OSM contextual transport network" }, "geometry": { "type": "LineString", "coordinates": [ [ 6.0967714, 5.1442397 ], [ 6.0977597, 5.1402274 ] ] } },
{ "type": "Feature", "properties": { "road_id": "w697914971", "road_group": "local", "highway": "residential", "name": null, "length_km": 0.348, "source_class": "OSM contextual transport network" }, "geometry": { "type": "LineString", "coordinates": [ [ 6.1033458, 5.137844 ], [ 6.1043896, 5.1408085 ] ] } },
{ "type": "Feature", "properties": { "road_id": "w697914972", "road_group": "local", "highway": "residential", "name": null, "length_km": 1.332, "source_class": "OSM contextual transport network" }, "geometry": { "type": "LineString", "coordinates": [ [ 6.1184092, 5.1313979 ], [ 6.1190604, 5.1323779 ], [ 6.1189826, 5.1325189 ], [ 6.1158114, 5.1348877 ], [ 6.1143179, 5.1353812 ], [ 6.1127819, 5.1367982 ], [ 6.1100627, 5.1381425 ] ] } },
{ "type": "Feature", "properties": { "road_id": "w697915128", "road_group": "local", "highway": "residential", "name": null, "length_km": 0.434, "source_class": "OSM contextual transport network" }, "geometry": { "type": "LineString", "coordinates": [ [ 6.0787055, 5.13959 ], [ 6.0794948, 5.1372214 ], [ 6.0782994, 5.1364849 ] ] } },
{ "type": "Feature", "properties": { "road_id": "w705000013", "road_group": "local", "highway": "residential", "name": null, "length_km": 0.492, "source_class": "OSM contextual transport network" }, "geometry": { "type": "LineString", "coordinates": [ [ 6.0648541, 5.10203 ], [ 6.0670602, 5.1002788 ], [ 6.068592, 5.0997897 ] ] } },
{ "type": "Feature", "properties": { "road_id": "w705000014", "road_group": "local", "highway": "residential", "name": null, "length_km": 3.224, "source_class": "OSM contextual transport network" }, "geometry": { "type": "LineString", "coordinates": [ [ 6.0680688, 5.107301 ], [ 6.0666203, 5.1041686 ], [ 6.0648541, 5.10203 ], [ 6.06426, 5.1011283 ], [ 6.0615456, 5.0976767 ], [ 6.0592389, 5.0948768 ], [ 6.0579497, 5.0935368 ], [ 6.0573614, 5.0933273 ], [ 6.0509562, 5.0927181 ], [ 6.0486174, 5.0930708 ], [ 6.0479629, 5.0930708 ], [ 6.04701, 5.0928807 ], [ 6.0463559, 5.092401 ] ] } },
{ "type": "Feature", "properties": { "road_id": "w705000015", "road_group": "local", "highway": "residential", "name": null, "length_km": 0.488, "source_class": "OSM contextual transport network" }, "geometry": { "type": "LineString", "coordinates": [ [ 6.0700562, 5.1042968 ], [ 6.0660195, 5.1060494 ] ] } },
{ "type": "Feature", "properties": { "road_id": "w705000016", "road_group": "local", "highway": "tertiary", "name": null, "length_km": 12.111, "source_class": "OSM contextual transport network" }, "geometry": { "type": "LineString", "coordinates": [ [ 5.961319325163012, 5.133811056415161 ], [ 5.9652972, 5.1350673 ], [ 5.9656513, 5.1349925 ], [ 5.9685422, 5.1331169 ], [ 5.9688294, 5.1327896 ], [ 5.969558, 5.1302997 ], [ 5.9695969, 5.1295294 ], [ 5.9693775, 5.1282202 ], [ 5.968413, 5.1261038 ], [ 5.9682423, 5.1252309 ], [ 5.9684622, 5.1204276 ], [ 5.9689445, 5.1184216 ], [ 5.9693726, 5.1176497 ], [ 5.9701431, 5.1167588 ], [ 5.971387, 5.1158028 ], [ 5.9741741, 5.1148323 ], [ 5.9758724, 5.1138917 ], [ 5.9849728, 5.1075138 ], [ 5.9923768, 5.1025924 ], [ 6.0029876, 5.0950371 ], [ 6.0089421, 5.0933166 ], [ 6.0119891, 5.0925899 ], [ 6.0329841, 5.0890023 ], [ 6.0412681, 5.087268 ], [ 6.0442722, 5.086178 ], [ 6.0463705, 5.0859766 ] ] } },
{ "type": "Feature", "properties": { "road_id": "w819780929", "road_group": "local", "highway": "unclassified", "name": null, "length_km": 7.944, "source_class": "OSM contextual transport network" }, "geometry": { "type": "MultiLineString", "coordinates": [ [ [ 5.9890116, 5.009575 ], [ 5.989447, 5.0093475 ], [ 5.9909275, 5.009401 ], [ 5.9917322, 5.0091552 ], [ 5.9921721, 5.0087704 ], [ 5.9926763, 5.0080222 ], [ 5.9929016, 5.0073275 ], [ 5.9930304, 5.0054678 ], [ 5.9932235, 5.004538 ], [ 5.9933522, 5.0042815 ], [ 5.994468, 5.0036402 ], [ 5.9949508, 5.0035333 ], [ 5.9984377, 5.0038219 ], [ 6.0021714, 5.0034906 ], [ 6.0042849, 5.0039288 ], [ 6.0075894, 5.0041425 ], [ 6.0079649, 5.0044739 ], [ 6.0091164, 5.0046481 ], [ 6.0098157, 5.0044213 ], [ 6.0107589, 5.0045347 ], [ 6.0113687, 5.0051098 ], [ 6.0115394, 5.0055229 ], [ 6.011574, 5.0096292 ], [ 6.0118017, 5.0102529 ], [ 6.0120578, 5.0105121 ], [ 6.014924, 5.0118242 ], [ 6.0183552, 5.0128084 ], [ 6.019148, 5.0128124 ], [ 6.0197172, 5.0126018 ], [ 6.0201847, 5.0119012 ], [ 6.0208718, 5.0113261 ], [ 6.0222581, 5.0074179 ], [ 6.0233436, 5.0057493 ], [ 6.023994, 5.0050163 ], [ 6.0243843, 5.0047854 ], [ 6.0275269, 5.0047814 ], [ 6.0299296, 5.0058506 ], [ 6.0312224, 5.0062353 ], [ 6.0332755, 5.0060531 ], [ 6.0337755, 5.0063244 ], [ 6.0346252, 5.0064216 ], [ 6.0348854, 5.0063811 ], [ 6.035353, 5.0059761 ], [ 6.0356375, 5.0060045 ], [ 6.0367515, 5.0063852 ], [ 6.0374182, 5.0070939 ], [ 6.0383004, 5.0073126 ], [ 6.0395038, 5.0072033 ], [ 6.0402112, 5.007021 ], [ 6.0416544, 5.0075759 ], [ 6.0421587, 5.008428 ], [ 6.0423443, 5.0091693 ], [ 6.043430387668286, 5.009310898838684 ] ], [ [ 6.044004619825172, 5.009188929936656 ], [ 6.044393799568476, 5.009106266458447 ] ] ] } },
{ "type": "Feature", "properties": { "road_id": "w819780930", "road_group": "local", "highway": "unclassified", "name": null, "length_km": 0.042, "source_class": "OSM contextual transport network" }, "geometry": { "type": "LineString", "coordinates": [ [ 5.9890116, 5.009575 ], [ 5.9889707, 5.0099536 ] ] } },
{ "type": "Feature", "properties": { "road_id": "w819780931", "road_group": "local", "highway": "unclassified", "name": null, "length_km": 2.286, "source_class": "OSM contextual transport network" }, "geometry": { "type": "LineString", "coordinates": [ [ 5.973141190651525, 5.010956681309498 ], [ 5.9750714, 5.0099616 ], [ 5.9775679, 5.0091824 ], [ 5.9785762, 5.0090893 ], [ 5.9799132, 5.0084367 ], [ 5.9811194, 5.0081181 ], [ 5.9827426, 5.0094748 ], [ 5.9842422, 5.0101121 ], [ 5.9896533, 5.0099589 ], [ 5.9925115, 5.0102686 ] ] } },
{ "type": "Feature", "properties": { "road_id": "w819780932", "road_group": "local", "highway": "service", "name": null, "length_km": 0.115, "source_class": "OSM contextual transport network" }, "geometry": { "type": "LineString", "coordinates": [ [ 5.9889707, 5.0099536 ], [ 5.9889612, 5.0109955 ] ] } },
{ "type": "Feature", "properties": { "road_id": "w828146427", "road_group": "local", "highway": "unclassified", "name": null, "length_km": 3.799, "source_class": "OSM contextual transport network" }, "geometry": { "type": "LineString", "coordinates": [ [ 6.071158077033369, 4.956023771268078 ], [ 6.0691225, 4.9551281 ], [ 6.0686184, 4.9534593 ], [ 6.0663742, 4.9511912 ], [ 6.066301, 4.9507456 ], [ 6.0664149, 4.9500733 ], [ 6.0675288, 4.9480562 ], [ 6.0675857, 4.947635 ], [ 6.0673255, 4.9470032 ], [ 6.0670979, 4.9457557 ], [ 6.0671141, 4.9447269 ], [ 6.0667889, 4.9438358 ], [ 6.0672442, 4.9420698 ], [ 6.0672442, 4.9415919 ], [ 6.0663905, 4.9402796 ], [ 6.0660571, 4.9400285 ], [ 6.0651306, 4.9396336 ], [ 6.063439, 4.9396963 ], [ 6.0624063, 4.9390888 ], [ 6.0608858, 4.9370717 ], [ 6.0597231, 4.9352247 ], [ 6.0592027, 4.9339772 ], [ 6.0594304, 4.9328998 ], [ 6.0594223, 4.9311419 ], [ 6.0587881, 4.9291329 ] ] } },
{ "type": "Feature", "properties": { "road_id": "w828146428", "road_group": "local", "highway": "residential", "name": null, "length_km": 0.043, "source_class": "OSM contextual transport network" }, "geometry": { "type": "LineString", "coordinates": [ [ 6.0586761, 4.9284949 ], [ 6.0590464, 4.9283891 ] ] } },
{ "type": "Feature", "properties": { "road_id": "w828146429", "road_group": "local", "highway": "residential", "name": null, "length_km": 1.082, "source_class": "OSM contextual transport network" }, "geometry": { "type": "LineString", "coordinates": [ [ 6.059009, 4.928994 ], [ 6.0590565, 4.9281148 ], [ 6.0591826, 4.927893 ], [ 6.0591958, 4.9263047 ], [ 6.0594013, 4.924988 ], [ 6.0605595, 4.9216101 ], [ 6.0615168, 4.9197117 ] ] } },
{ "type": "Feature", "properties": { "road_id": "w828146430", "road_group": "local", "highway": "residential", "name": null, "length_km": 1.217, "source_class": "OSM contextual transport network" }, "geometry": { "type": "LineString", "coordinates": [ [ 6.0610778, 4.9191999 ], [ 6.0607183, 4.9198188 ], [ 6.0603353, 4.9200654 ], [ 6.0595881, 4.9210983 ], [ 6.0579209, 4.9244204 ], [ 6.0578696, 4.9247786 ], [ 6.0587881, 4.9291329 ] ] } },
{ "type": "Feature", "properties": { "road_id": "w828146431", "road_group": "local", "highway": "residential", "name": null, "length_km": 0.366, "source_class": "OSM contextual transport network" }, "geometry": { "type": "LineString", "coordinates": [ [ 6.0560986, 4.9259162 ], [ 6.0563564, 4.9262096 ], [ 6.0568856, 4.9263683 ], [ 6.0591958, 4.9263047 ] ] } },
{ "type": "Feature", "properties": { "road_id": "w828146432", "road_group": "local", "highway": "residential", "name": null, "length_km": 0.621, "source_class": "OSM contextual transport network" }, "geometry": { "type": "LineString", "coordinates": [ [ 6.055777, 4.9221295 ], [ 6.0560358, 4.9222276 ], [ 6.0562743, 4.922117 ], [ 6.0570292, 4.9213001 ], [ 6.0575149, 4.9210116 ], [ 6.0588549, 4.9224429 ], [ 6.0599422, 4.9232632 ] ] } },
{ "type": "Feature", "properties": { "road_id": "w828146434", "road_group": "local", "highway": "unclassified", "name": null, "length_km": 2.292, "source_class": "OSM contextual transport network" }, "geometry": { "type": "LineString", "coordinates": [ [ 6.0376008, 4.8775651 ], [ 6.037151, 4.8791983 ], [ 6.0371818, 4.8802973 ], [ 6.037798, 4.8818322 ], [ 6.0385374, 4.8829006 ], [ 6.038938, 4.8842206 ], [ 6.0390366, 4.8851293 ], [ 6.0389441, 4.885909 ], [ 6.03932, 4.8866458 ], [ 6.0394618, 4.8872659 ], [ 6.0391906, 4.8882851 ], [ 6.0393262, 4.889863 ], [ 6.0399979, 4.8919934 ], [ 6.0404847, 4.8927302 ], [ 6.040953, 4.8930924 ], [ 6.0431097, 4.8941423 ], [ 6.0439108, 4.8948115 ], [ 6.0442467, 4.8952459 ] ] } },
{ "type": "Feature", "properties": { "road_id": "w828146437", "road_group": "local", "highway": "residential", "name": null, "length_km": 0.22, "source_class": "OSM contextual transport network" }, "geometry": { "type": "LineString", "coordinates": [ [ 6.0376008, 4.8775651 ], [ 6.0384882, 4.8772181 ], [ 6.0390899, 4.8771249 ], [ 6.0394151, 4.8768697 ] ] } },
{ "type": "Feature", "properties": { "road_id": "w828146438", "road_group": "local", "highway": "residential", "name": null, "length_km": 0.584, "source_class": "OSM contextual transport network" }, "geometry": { "type": "LineString", "coordinates": [ [ 6.0350773, 4.8766064 ], [ 6.0359798, 4.8763593 ], [ 6.0398501, 4.8758448 ], [ 6.0402201, 4.8756383 ] ] } },
{ "type": "Feature", "properties": { "road_id": "w828146439", "road_group": "local", "highway": "residential", "name": null, "length_km": 1.375, "source_class": "OSM contextual transport network" }, "geometry": { "type": "LineString", "coordinates": [ [ 6.0384993, 4.8760314 ], [ 6.0385492, 4.876258 ], [ 6.0391346, 4.8767644 ], [ 6.0424153, 4.8783342 ], [ 6.043676, 4.879339 ], [ 6.0438905, 4.879943 ], [ 6.043735, 4.8822253 ], [ 6.044104, 4.884068 ], [ 6.0438385, 4.8848367 ], [ 6.0439129, 4.8853304 ] ] } },
{ "type": "Feature", "properties": { "road_id": "w828146440", "road_group": "local", "highway": "residential", "name": null, "length_km": 0.222, "source_class": "OSM contextual transport network" }, "geometry": { "type": "LineString", "coordinates": [ [ 6.0403399, 4.8765346 ], [ 6.0399523, 4.8759297 ], [ 6.0393685, 4.875483 ], [ 6.0392167, 4.8749688 ] ] } },
{ "type": "Feature", "properties": { "road_id": "w828146441", "road_group": "local", "highway": "residential", "name": null, "length_km": 0.135, "source_class": "OSM contextual transport network" }, "geometry": { "type": "LineString", "coordinates": [ [ 6.0396617, 4.8769914 ], [ 6.0392045, 4.8762387 ], [ 6.0391568, 4.8759364 ] ] } },
{ "type": "Feature", "properties": { "road_id": "w828146442", "road_group": "local", "highway": "residential", "name": null, "length_km": 0.447, "source_class": "OSM contextual transport network" }, "geometry": { "type": "LineString", "coordinates": [ [ 6.0397172, 4.8748498 ], [ 6.0358651, 4.8759931 ] ] } },
{ "type": "Feature", "properties": { "road_id": "w828146443", "road_group": "local", "highway": "residential", "name": null, "length_km": 0.201, "source_class": "OSM contextual transport network" }, "geometry": { "type": "LineString", "coordinates": [ [ 6.0372681, 4.8787562 ], [ 6.0365915, 4.8770716 ] ] } },
{ "type": "Feature", "properties": { "road_id": "w828146444", "road_group": "local", "highway": "residential", "name": null, "length_km": 0.181, "source_class": "OSM contextual transport network" }, "geometry": { "type": "LineString", "coordinates": [ [ 6.0376008, 4.8775651 ], [ 6.0375041, 4.8771887 ], [ 6.037729, 4.8770751 ], [ 6.0378615, 4.8766975 ], [ 6.0377483, 4.8761406 ] ] } },
{ "type": "Feature", "properties": { "road_id": "w828146445", "road_group": "local", "highway": "service", "name": null, "length_km": 0.719, "source_class": "OSM contextual transport network" }, "geometry": { "type": "LineString", "coordinates": [ [ 6.002135, 4.8462338 ], [ 5.9995534, 4.8446742 ], [ 5.9993339, 4.8448929 ], [ 6.0018504, 4.8467078 ] ] } },
{ "type": "Feature", "properties": { "road_id": "w828146446", "road_group": "local", "highway": "service", "name": null, "length_km": 0.055, "source_class": "OSM contextual transport network" }, "geometry": { "type": "LineString", "coordinates": [ [ 6.0005323, 4.8458259 ], [ 6.0008056, 4.8454155 ] ] } },
{ "type": "Feature", "properties": { "road_id": "w828146447", "road_group": "local", "highway": "service", "name": null, "length_km": 0.049, "source_class": "OSM contextual transport network" }, "geometry": { "type": "LineString", "coordinates": [ [ 5.9991062, 4.8444554 ], [ 5.999468, 4.8447106 ] ] } },
{ "type": "Feature", "properties": { "road_id": "w828236791", "road_group": "local", "highway": "unclassified", "name": null, "length_km": 4.364, "source_class": "OSM contextual transport network" }, "geometry": { "type": "LineString", "coordinates": [ [ 6.0443944, 4.8953494 ], [ 6.0454082, 4.8956772 ], [ 6.0459689, 4.8961131 ], [ 6.046314, 4.8962421 ], [ 6.0468193, 4.8971998 ], [ 6.0469795, 4.8980164 ], [ 6.047668, 4.8988031 ], [ 6.0481301, 4.8995816 ], [ 6.0491564, 4.9015902 ], [ 6.0494961, 4.9026664 ], [ 6.0503689, 4.9035644 ], [ 6.0509605, 4.9037671 ], [ 6.0513487, 4.9037364 ], [ 6.0522246, 4.9033615 ], [ 6.0527108, 4.9033528 ], [ 6.0533258, 4.9035178 ], [ 6.0542695, 4.904467 ], [ 6.0557115, 4.9048415 ], [ 6.0573013, 4.9067509 ], [ 6.0591561, 4.9079419 ], [ 6.0592228, 4.9102571 ], [ 6.0587267, 4.9112936 ], [ 6.0580315, 4.9123343 ], [ 6.0579073, 4.9128385 ], [ 6.058811, 4.9154137 ], [ 6.0583612, 4.9173967 ], [ 6.0583612, 4.9184895 ], [ 6.0586878, 4.9198402 ], [ 6.0583612, 4.9216022 ], [ 6.0573693, 4.9230848 ], [ 6.0570661, 4.9239372 ], [ 6.0572612, 4.9240353 ], [ 6.0568325, 4.9247069 ] ] } },
{ "type": "Feature", "properties": { "road_id": "w828236792", "road_group": "local", "highway": "unclassified", "name": null, "length_km": 0.02, "source_class": "OSM contextual transport network" }, "geometry": { "type": "LineString", "coordinates": [ [ 6.0442467, 4.8952459 ], [ 6.0443944, 4.8953494 ] ] } },
{ "type": "Feature", "properties": { "road_id": "w832176005", "road_group": "local", "highway": "tertiary", "name": null, "length_km": 0.533, "source_class": "OSM contextual transport network" }, "geometry": { "type": "LineString", "coordinates": [ [ 6.378381832887965, 5.201554813640802 ], [ 6.3787599, 5.2063523 ] ] } },
{ "type": "Feature", "properties": { "road_id": "w832176007", "road_group": "local", "highway": "unclassified", "name": null, "length_km": 5.158, "source_class": "OSM contextual transport network" }, "geometry": { "type": "LineString", "coordinates": [ [ 6.388993, 5.2404981 ], [ 6.4138999, 5.2491822 ], [ 6.4154855, 5.249887 ], [ 6.41671, 5.2506835 ], [ 6.4189893, 5.2527488 ], [ 6.4201077, 5.2541162 ], [ 6.4207589, 5.2551806 ], [ 6.4247783, 5.2652745 ] ] } },
{ "type": "Feature", "properties": { "road_id": "w832176008", "road_group": "local", "highway": "tertiary", "name": null, "length_km": 0.024, "source_class": "OSM contextual transport network" }, "geometry": { "type": "LineString", "coordinates": [ [ 6.3787599, 5.2063523 ], [ 6.3787736, 5.2065718 ] ] } },
{ "type": "Feature", "properties": { "road_id": "w832176009", "road_group": "local", "highway": "tertiary", "name": null, "length_km": 2.424, "source_class": "OSM contextual transport network" }, "geometry": { "type": "LineString", "coordinates": [ [ 6.3799926, 5.2256804 ], [ 6.3725074, 5.2361179 ], [ 6.3681517, 5.2405278 ], [ 6.3673738, 5.2432507 ] ] } },
{ "type": "Feature", "properties": { "road_id": "w832176010", "road_group": "local", "highway": "residential", "name": null, "length_km": 1.251, "source_class": "OSM contextual transport network" }, "geometry": { "type": "LineString", "coordinates": [ [ 6.3784424, 5.2457085 ], [ 6.3778365, 5.2417222 ], [ 6.3778646, 5.2410547 ], [ 6.3780556, 5.2403602 ], [ 6.3789307, 5.23903 ], [ 6.3793815, 5.238549 ], [ 6.3823898, 5.2365579 ] ] } },
{ "type": "Feature", "properties": { "road_id": "w832176011", "road_group": "local", "highway": "residential", "name": null, "length_km": 0.579, "source_class": "OSM contextual transport network" }, "geometry": { "type": "LineString", "coordinates": [ [ 6.3825144, 5.2432513 ], [ 6.3825147, 5.2422833 ], [ 6.3826546, 5.2418316 ], [ 6.3845034, 5.2385244 ] ] } },
{ "type": "Feature", "properties": { "road_id": "w832176014", "road_group": "local", "highway": "residential", "name": null, "length_km": 0.532, "source_class": "OSM contextual transport network" }, "geometry": { "type": "LineString", "coordinates": [ [ 6.437394352038434, 5.31003113538111 ], [ 6.4384426, 5.3095749 ], [ 6.4408305, 5.3082246 ], [ 6.4415444, 5.3076816 ] ] } },
{ "type": "Feature", "properties": { "road_id": "w832176015", "road_group": "local", "highway": "residential", "name": null, "length_km": 0.436, "source_class": "OSM contextual transport network" }, "geometry": { "type": "LineString", "coordinates": [ [ 6.4387609, 5.3084997 ], [ 6.4410639, 5.3077692 ], [ 6.4425486, 5.3075154 ] ] } },
{ "type": "Feature", "properties": { "road_id": "w832176016", "road_group": "local", "highway": "residential", "name": null, "length_km": 0.348, "source_class": "OSM contextual transport network" }, "geometry": { "type": "LineString", "coordinates": [ [ 6.435295, 5.3080324 ], [ 6.4376145, 5.3094273 ], [ 6.4377824, 5.3097951 ] ] } },
{ "type": "Feature", "properties": { "road_id": "w832176017", "road_group": "local", "highway": "unclassified", "name": null, "length_km": 0.864, "source_class": "OSM contextual transport network" }, "geometry": { "type": "LineString", "coordinates": [ [ 6.4531488, 5.3139247 ], [ 6.4532341, 5.3132224 ], [ 6.4537884, 5.3114484 ], [ 6.4534871, 5.3062457 ] ] } },
{ "type": "Feature", "properties": { "road_id": "w832569464", "road_group": "local", "highway": "unclassified", "name": null, "length_km": 1.372, "source_class": "OSM contextual transport network" }, "geometry": { "type": "LineString", "coordinates": [ [ 6.5117485, 5.3272856 ], [ 6.5129519, 5.3309408 ], [ 6.5137487, 5.33645 ], [ 6.5144114, 5.3387208 ], [ 6.5146758, 5.3392743 ] ] } },
{ "type": "Feature", "properties": { "road_id": "w832569465", "road_group": "local", "highway": "unclassified", "name": null, "length_km": 0.024, "source_class": "OSM contextual transport network" }, "geometry": { "type": "LineString", "coordinates": [ [ 6.5146758, 5.3392743 ], [ 6.5146774, 5.3394871 ] ] } },
{ "type": "Feature", "properties": { "road_id": "w838152056", "road_group": "local", "highway": "service", "name": null, "length_km": 0.058, "source_class": "OSM contextual transport network" }, "geometry": { "type": "LineString", "coordinates": [ [ 6.025118674477715, 4.808817573557683 ], [ 6.0246749, 4.8091008 ] ] } },
{ "type": "Feature", "properties": { "road_id": "w838152057", "road_group": "local", "highway": "service", "name": null, "length_km": 0.2, "source_class": "OSM contextual transport network" }, "geometry": { "type": "LineString", "coordinates": [ [ 6.0253651, 4.8105008 ], [ 6.024549885702675, 4.808890287981974 ] ] } },
{ "type": "Feature", "properties": { "road_id": "w840119645", "road_group": "local", "highway": "residential", "name": null, "length_km": 0.46, "source_class": "OSM contextual transport network" }, "geometry": { "type": "LineString", "coordinates": [ [ 5.9982697, 4.8841983 ], [ 6.0013636, 4.884178 ], [ 6.0024043, 4.8842955 ] ] } },
{ "type": "Feature", "properties": { "road_id": "w840119646", "road_group": "local", "highway": "service", "name": null, "length_km": 0.05, "source_class": "OSM contextual transport network" }, "geometry": { "type": "LineString", "coordinates": [ [ 6.0021823, 4.8842474 ], [ 6.0020628, 4.8846844 ] ] } },
{ "type": "Feature", "properties": { "road_id": "w840119647", "road_group": "local", "highway": "service", "name": null, "length_km": 0.187, "source_class": "OSM contextual transport network" }, "geometry": { "type": "LineString", "coordinates": [ [ 5.9989283, 4.8845142 ], [ 6.0005992, 4.8846195 ] ] } },
{ "type": "Feature", "properties": { "road_id": "w840119648", "road_group": "local", "highway": "service", "name": null, "length_km": 0.205, "source_class": "OSM contextual transport network" }, "geometry": { "type": "LineString", "coordinates": [ [ 5.999961, 4.8846438 ], [ 5.9999935, 4.8836919 ], [ 6.0008838, 4.8836433 ] ] } },
{ "type": "Feature", "properties": { "road_id": "w840119649", "road_group": "local", "highway": "service", "name": null, "length_km": 0.433, "source_class": "OSM contextual transport network" }, "geometry": { "type": "LineString", "coordinates": [ [ 6.0011562, 4.8844697 ], [ 6.0016075, 4.8845102 ], [ 6.0022214, 4.8847775 ], [ 6.0029532, 4.8855026 ], [ 6.004002, 4.8869041 ] ] } },
{ "type": "Feature", "properties": { "road_id": "w840119653", "road_group": "local", "highway": "residential", "name": null, "length_km": 0.025, "source_class": "OSM contextual transport network" }, "geometry": { "type": "LineString", "coordinates": [ [ 5.994983326623009, 4.883498777078701 ], [ 5.9951807, 4.8836134 ] ] } },
{ "type": "Feature", "properties": { "road_id": "w840135832", "road_group": "local", "highway": "service", "name": null, "length_km": 0.303, "source_class": "OSM contextual transport network" }, "geometry": { "type": "LineString", "coordinates": [ [ 6.0204628, 4.8217709 ], [ 6.017941, 4.8227979 ] ] } },
{ "type": "Feature", "properties": { "road_id": "w840135833", "road_group": "local", "highway": "service", "name": null, "length_km": 0.358, "source_class": "OSM contextual transport network" }, "geometry": { "type": "LineString", "coordinates": [ [ 6.0190903, 4.8223543 ], [ 6.0191887, 4.8226041 ], [ 6.0202271, 4.8222207 ], [ 6.0211576, 4.8217218 ], [ 6.0210806, 4.8215268 ], [ 6.0216059, 4.8213165 ] ] } },
{ "type": "Feature", "properties": { "road_id": "w840135834", "road_group": "local", "highway": "service", "name": null, "length_km": 0.032, "source_class": "OSM contextual transport network" }, "geometry": { "type": "LineString", "coordinates": [ [ 6.0203063, 4.8218489 ], [ 6.0204351, 4.8221055 ] ] } },
{ "type": "Feature", "properties": { "road_id": "w840135843", "road_group": "local", "highway": "residential", "name": null, "length_km": 0.652, "source_class": "OSM contextual transport network" }, "geometry": { "type": "LineString", "coordinates": [ [ 6.0324499, 4.856746 ], [ 6.0320109, 4.8571974 ], [ 6.030304, 4.8582094 ], [ 6.0292486, 4.8589819 ], [ 6.0283543, 4.8598101 ], [ 6.0285785, 4.8599567 ], [ 6.0285995, 4.8603871 ] ] } },
{ "type": "Feature", "properties": { "road_id": "w840135844", "road_group": "local", "highway": "service", "name": null, "length_km": 0.095, "source_class": "OSM contextual transport network" }, "geometry": { "type": "LineString", "coordinates": [ [ 6.0287403, 4.8594496 ], [ 6.0282536, 4.8587527 ] ] } },
{ "type": "Feature", "properties": { "road_id": "w840135845", "road_group": "local", "highway": "service", "name": null, "length_km": 0.177, "source_class": "OSM contextual transport network" }, "geometry": { "type": "LineString", "coordinates": [ [ 6.0272869, 4.8592941 ], [ 6.0279233, 4.8601344 ], [ 6.0283543, 4.8598101 ] ] } },
{ "type": "Feature", "properties": { "road_id": "w840135846", "road_group": "local", "highway": "service", "name": null, "length_km": 0.034, "source_class": "OSM contextual transport network" }, "geometry": { "type": "LineString", "coordinates": [ [ 6.030191, 4.8573469 ], [ 6.0303175, 4.8576244 ] ] } },
{ "type": "Feature", "properties": { "road_id": "w840135847", "road_group": "local", "highway": "residential", "name": null, "length_km": 0.056, "source_class": "OSM contextual transport network" }, "geometry": { "type": "LineString", "coordinates": [ [ 6.0309078, 4.8578816 ], [ 6.030668, 4.8574361 ] ] } },
{ "type": "Feature", "properties": { "road_id": "w840135848", "road_group": "local", "highway": "service", "name": null, "length_km": 0.07, "source_class": "OSM contextual transport network" }, "geometry": { "type": "LineString", "coordinates": [ [ 6.0297729, 4.8586143 ], [ 6.02937, 4.8581333 ] ] } },
{ "type": "Feature", "properties": { "road_id": "w840644858", "road_group": "local", "highway": "service", "name": null, "length_km": 0.197, "source_class": "OSM contextual transport network" }, "geometry": { "type": "LineString", "coordinates": [ [ 6.0251112, 4.9684454 ], [ 6.0260601, 4.9678674 ], [ 6.0264975, 4.9673725 ] ] } },
{ "type": "Feature", "properties": { "road_id": "w840644861", "road_group": "local", "highway": "service", "name": null, "length_km": 0.01, "source_class": "OSM contextual transport network" }, "geometry": { "type": "LineString", "coordinates": [ [ 6.0249523, 4.9704595 ], [ 6.0250274, 4.9704033 ] ] } },
{ "type": "Feature", "properties": { "road_id": "w840644862", "road_group": "local", "highway": "service", "name": null, "length_km": 0.098, "source_class": "OSM contextual transport network" }, "geometry": { "type": "LineString", "coordinates": [ [ 6.0250926, 4.9703547 ], [ 6.0257772, 4.9698072 ] ] } },
{ "type": "Feature", "properties": { "road_id": "w840644863", "road_group": "local", "highway": "service", "name": null, "length_km": 0.009, "source_class": "OSM contextual transport network" }, "geometry": { "type": "LineString", "coordinates": [ [ 6.0250274, 4.9704033 ], [ 6.0250926, 4.9703547 ] ] } },
{ "type": "Feature", "properties": { "road_id": "w840644868", "road_group": "local", "highway": "service", "name": null, "length_km": 0.114, "source_class": "OSM contextual transport network" }, "geometry": { "type": "LineString", "coordinates": [ [ 5.9904001, 5.0109025 ], [ 5.9906643, 5.0102748 ], [ 5.9908839, 5.0102627 ], [ 5.9909255, 5.0101551 ] ] } },
{ "type": "Feature", "properties": { "road_id": "w840644869", "road_group": "local", "highway": "service", "name": null, "length_km": 0.553, "source_class": "OSM contextual transport network" }, "geometry": { "type": "LineString", "coordinates": [ [ 5.9889405, 5.0107651 ], [ 5.99027, 5.0107608 ], [ 5.9906847, 5.0110969 ], [ 5.9917986, 5.0115789 ], [ 5.9918165, 5.0107817 ], [ 5.9925313, 5.0105761 ], [ 5.9925115, 5.0102686 ] ] } },
{ "type": "Feature", "properties": { "road_id": "w899513683", "road_group": "local", "highway": "residential", "name": null, "length_km": 0.521, "source_class": "OSM contextual transport network" }, "geometry": { "type": "LineString", "coordinates": [ [ 5.9695562, 5.1290652 ], [ 5.9701779, 5.129086 ], [ 5.972075, 5.129918 ], [ 5.9736322, 5.1311588 ] ] } },
{ "type": "Feature", "properties": { "road_id": "w899513684", "road_group": "local", "highway": "unclassified", "name": null, "length_km": 4.597, "source_class": "OSM contextual transport network" }, "geometry": { "type": "LineString", "coordinates": [ [ 5.9741741, 5.1148323 ], [ 5.9737667, 5.1139847 ], [ 5.9729385, 5.1108403 ], [ 5.9733774, 5.1038182 ], [ 5.9722732, 5.1010615 ], [ 5.9703054, 5.0966973 ], [ 5.9648315, 5.0889912 ], [ 5.9623028, 5.0857031 ], [ 5.9620344, 5.0854763 ], [ 5.9614409, 5.0852576 ], [ 5.9567656, 5.084391 ], [ 5.954615422116306, 5.08209303113494 ] ] } },
{ "type": "Feature", "properties": { "road_id": "w899513685", "road_group": "local", "highway": "residential", "name": null, "length_km": 2.146, "source_class": "OSM contextual transport network" }, "geometry": { "type": "LineString", "coordinates": [ [ 5.9727191, 5.1319554 ], [ 5.973342, 5.1315606 ], [ 5.9739861, 5.1306723 ], [ 5.9756212, 5.1267948 ], [ 5.9756142, 5.1265128 ], [ 5.9745241, 5.1237068 ], [ 5.974786, 5.1231499 ], [ 5.9761663, 5.1211194 ], [ 5.9763928, 5.1204003 ], [ 5.9761946, 5.1194838 ], [ 5.9757203, 5.1182782 ], [ 5.9757203, 5.1170445 ], [ 5.9741741, 5.1148323 ] ] } },
{ "type": "Feature", "properties": { "road_id": "w899513686", "road_group": "local", "highway": "residential", "name": null, "length_km": 0.888, "source_class": "OSM contextual transport network" }, "geometry": { "type": "LineString", "coordinates": [ [ 5.9684311, 5.1210525 ], [ 5.9706413, 5.1215929 ], [ 5.9713931, 5.1216052 ], [ 5.9728843, 5.1218998 ], [ 5.9738703, 5.1218016 ], [ 5.9760147, 5.1230045 ] ] } },
{ "type": "Feature", "properties": { "road_id": "w899513687", "road_group": "local", "highway": "residential", "name": null, "length_km": 0.652, "source_class": "OSM contextual transport network" }, "geometry": { "type": "LineString", "coordinates": [ [ 5.9690952, 5.1274884 ], [ 5.9702136, 5.1274393 ], [ 5.9721003, 5.1285463 ], [ 5.9745524, 5.1292623 ] ] } },
{ "type": "Feature", "properties": { "road_id": "w899513688", "road_group": "local", "highway": "residential", "name": null, "length_km": 0.331, "source_class": "OSM contextual transport network" }, "geometry": { "type": "LineString", "coordinates": [ [ 5.972614, 5.1265834 ], [ 5.9755735, 5.1268898 ] ] } },
{ "type": "Feature", "properties": { "road_id": "w899513689", "road_group": "local", "highway": "residential", "name": null, "length_km": 0.395, "source_class": "OSM contextual transport network" }, "geometry": { "type": "LineString", "coordinates": [ [ 5.9714932, 5.1274579 ], [ 5.9726794, 5.1280439 ], [ 5.9748402, 5.1285995 ] ] } },
{ "type": "Feature", "properties": { "road_id": "w899513690", "road_group": "local", "highway": "service", "name": null, "length_km": 0.248, "source_class": "OSM contextual transport network" }, "geometry": { "type": "LineString", "coordinates": [ [ 5.9731329, 5.1288489 ], [ 5.9731677, 5.1281922 ], [ 5.972987, 5.1266178 ] ] } },
{ "type": "Feature", "properties": { "road_id": "w899513691", "road_group": "local", "highway": "residential", "name": null, "length_km": 0.69, "source_class": "OSM contextual transport network" }, "geometry": { "type": "LineString", "coordinates": [ [ 5.9746161, 5.1240241 ], [ 5.9758737, 5.1231787 ], [ 5.9775362, 5.1208902 ], [ 5.9786663, 5.1207972 ], [ 5.9791894, 5.1212902 ] ] } },
{ "type": "Feature", "properties": { "road_id": "w899513692", "road_group": "local", "highway": "residential", "name": null, "length_km": 1.928, "source_class": "OSM contextual transport network" }, "geometry": { "type": "LineString", "coordinates": [ [ 5.9756142, 5.1265128 ], [ 5.9761726, 5.125895 ], [ 5.9769402, 5.1242792 ], [ 5.9772423, 5.1240674 ], [ 5.978658, 5.1219946 ], [ 5.9797552, 5.1206974 ], [ 5.981546, 5.1175076 ], [ 5.9811779, 5.1171653 ], [ 5.9791323, 5.1160725 ], [ 5.9770153, 5.1130785 ] ] } },
{ "type": "Feature", "properties": { "road_id": "w899513693", "road_group": "local", "highway": "service", "name": null, "length_km": 0.187, "source_class": "OSM contextual transport network" }, "geometry": { "type": "LineString", "coordinates": [ [ 5.980555, 5.1154803 ], [ 5.9821723, 5.1159499 ] ] } },
{ "type": "Feature", "properties": { "road_id": "w899513694", "road_group": "local", "highway": "residential", "name": null, "length_km": 0.601, "source_class": "OSM contextual transport network" }, "geometry": { "type": "LineString", "coordinates": [ [ 5.9757699, 5.1171855 ], [ 5.9765345, 5.1177363 ], [ 5.97812, 5.119231 ], [ 5.9784103, 5.119372 ], [ 5.9788633, 5.1193649 ], [ 5.9798908, 5.1204561 ] ] } },
{ "type": "Feature", "properties": { "road_id": "w899513695", "road_group": "local", "highway": "residential", "name": null, "length_km": 0.784, "source_class": "OSM contextual transport network" }, "geometry": { "type": "LineString", "coordinates": [ [ 5.9688243, 5.118744 ], [ 5.9704541, 5.1188432 ], [ 5.9712611, 5.1186952 ], [ 5.9721671, 5.1183638 ], [ 5.9733988, 5.1182017 ], [ 5.975784, 5.1184686 ] ] } },
{ "type": "Feature", "properties": { "road_id": "w899513696", "road_group": "local", "highway": "residential", "name": null, "length_km": 0.764, "source_class": "OSM contextual transport network" }, "geometry": { "type": "LineString", "coordinates": [ [ 5.9706169, 5.1200699 ], [ 5.9725962, 5.1198497 ], [ 5.9742128, 5.1198937 ], [ 5.9762797, 5.118949 ], [ 5.9772565, 5.119097 ] ] } },
{ "type": "Feature", "properties": { "road_id": "w899513697", "road_group": "local", "highway": "service", "name": null, "length_km": 0.274, "source_class": "OSM contextual transport network" }, "geometry": { "type": "LineString", "coordinates": [ [ 5.9732713, 5.1177293 ], [ 5.975728, 5.1179568 ] ] } },
{ "type": "Feature", "properties": { "road_id": "w899513698", "road_group": "local", "highway": "residential", "name": null, "length_km": 0.48, "source_class": "OSM contextual transport network" }, "geometry": { "type": "LineString", "coordinates": [ [ 5.9772282, 5.1184414 ], [ 5.9775865, 5.1213512 ], [ 5.9780156, 5.1218534 ], [ 5.978343, 5.1224943 ] ] } },
{ "type": "Feature", "properties": { "road_id": "w899513699", "road_group": "local", "highway": "residential", "name": null, "length_km": 0.487, "source_class": "OSM contextual transport network" }, "geometry": { "type": "LineString", "coordinates": [ [ 5.9703875, 5.1227026 ], [ 5.973417, 5.12388 ], [ 5.9745382, 5.1238267 ] ] } },
{ "type": "Feature", "properties": { "road_id": "w899513700", "road_group": "local", "highway": "residential", "name": null, "length_km": 0.997, "source_class": "OSM contextual transport network" }, "geometry": { "type": "LineString", "coordinates": [ [ 5.9779937, 5.1191175 ], [ 5.9785489, 5.1183809 ], [ 5.9792951, 5.1162135 ], [ 5.9796956, 5.1155538 ], [ 5.9808069, 5.113051 ], [ 5.9805875, 5.1119723 ], [ 5.9803893, 5.1114365 ], [ 5.9800376, 5.1109685 ] ] } },
{ "type": "Feature", "properties": { "road_id": "w899513701", "road_group": "local", "highway": "service", "name": null, "length_km": 0.211, "source_class": "OSM contextual transport network" }, "geometry": { "type": "LineString", "coordinates": [ [ 5.981546, 5.1175076 ], [ 5.9819707, 5.1169115 ], [ 5.9822043, 5.1157693 ] ] } },
{ "type": "Feature", "properties": { "road_id": "w899513702", "road_group": "local", "highway": "service", "name": null, "length_km": 0.357, "source_class": "OSM contextual transport network" }, "geometry": { "type": "LineString", "coordinates": [ [ 5.9815188, 5.1176006 ], [ 5.9818815, 5.1176792 ], [ 5.9825467, 5.1172625 ], [ 5.9829169, 5.1177059 ], [ 5.9840166, 5.1167709 ] ] } },
{ "type": "Feature", "properties": { "road_id": "w899513703", "road_group": "local", "highway": "service", "name": null, "length_km": 0.35, "source_class": "OSM contextual transport network" }, "geometry": { "type": "LineString", "coordinates": [ [ 5.9784054, 5.1166747 ], [ 5.9790939, 5.1168581 ], [ 5.9810933, 5.118258 ] ] } },
{ "type": "Feature", "properties": { "road_id": "w899513705", "road_group": "local", "highway": "residential", "name": null, "length_km": 0.475, "source_class": "OSM contextual transport network" }, "geometry": { "type": "LineString", "coordinates": [ [ 5.978343, 5.1224943 ], [ 5.9805315, 5.1261812 ] ] } },
{ "type": "Feature", "properties": { "road_id": "w899513706", "road_group": "local", "highway": "residential", "name": null, "length_km": 0.176, "source_class": "OSM contextual transport network" }, "geometry": { "type": "LineString", "coordinates": [ [ 5.9766676, 5.1220902 ], [ 5.9780139, 5.1229252 ] ] } },
{ "type": "Feature", "properties": { "road_id": "w899513708", "road_group": "local", "highway": "service", "name": null, "length_km": 0.107, "source_class": "OSM contextual transport network" }, "geometry": { "type": "LineString", "coordinates": [ [ 5.9759005, 5.1215056 ], [ 5.9767144, 5.1220194 ] ] } },
{ "type": "Feature", "properties": { "road_id": "w899513709", "road_group": "local", "highway": "service", "name": null, "length_km": 0.128, "source_class": "OSM contextual transport network" }, "geometry": { "type": "LineString", "coordinates": [ [ 5.9746688, 5.1212812 ], [ 5.9756957, 5.1218096 ] ] } },
{ "type": "Feature", "properties": { "road_id": "w899513711", "road_group": "local", "highway": "service", "name": null, "length_km": 0.327, "source_class": "OSM contextual transport network" }, "geometry": { "type": "LineString", "coordinates": [ [ 5.9772902, 5.1193166 ], [ 5.9785634, 5.1197439 ], [ 5.9787626, 5.1202703 ], [ 5.9794633, 5.1210167 ] ] } },
{ "type": "Feature", "properties": { "road_id": "w899658393", "road_group": "local", "highway": "service", "name": null, "length_km": 0.142, "source_class": "OSM contextual transport network" }, "geometry": { "type": "LineString", "coordinates": [ [ 5.9715343, 5.1296901 ], [ 5.9721507, 5.1285612 ] ] } },
{ "type": "Feature", "properties": { "road_id": "w899658394", "road_group": "local", "highway": "service", "name": null, "length_km": 0.558, "source_class": "OSM contextual transport network" }, "geometry": { "type": "LineString", "coordinates": [ [ 5.9724115, 5.1252578 ], [ 5.973305, 5.1243617 ], [ 5.975462, 5.1246864 ], [ 5.9761158, 5.1244167 ], [ 5.9765407, 5.124426 ], [ 5.9769402, 5.1242792 ] ] } },
{ "type": "Feature", "properties": { "road_id": "w899658399", "road_group": "local", "highway": "service", "name": null, "length_km": 2.207, "source_class": "OSM contextual transport network" }, "geometry": { "type": "LineString", "coordinates": [ [ 5.9733774, 5.1038182 ], [ 5.9722986, 5.1027271 ], [ 5.9720651, 5.1023364 ], [ 5.970456, 5.0974348 ], [ 5.9701784, 5.096829 ], [ 5.9689829, 5.0952754 ], [ 5.968684, 5.0950149 ], [ 5.9683384, 5.0949312 ], [ 5.9664518, 5.0947079 ], [ 5.9658633, 5.0940939 ], [ 5.9640794, 5.0905122 ], [ 5.9639877, 5.087894 ] ] } },
{ "type": "Feature", "properties": { "road_id": "w899658400", "road_group": "local", "highway": "service", "name": null, "length_km": 1.184, "source_class": "OSM contextual transport network" }, "geometry": { "type": "LineString", "coordinates": [ [ 5.9665913, 5.094756 ], [ 5.9612499, 5.0985023 ], [ 5.9583352, 5.1000797 ], [ 5.9580518, 5.1003129 ], [ 5.9578546, 5.1007242 ] ] } },
{ "type": "Feature", "properties": { "road_id": "w899658401", "road_group": "local", "highway": "unclassified", "name": null, "length_km": 3.907, "source_class": "OSM contextual transport network" }, "geometry": { "type": "LineString", "coordinates": [ [ 5.9701784, 5.096829 ], [ 5.9703476, 5.0960573 ], [ 5.9703103, 5.0946618 ], [ 5.9704037, 5.0941223 ], [ 5.9715126, 5.0928277 ], [ 5.9720182, 5.0926139 ], [ 5.972743, 5.0920974 ], [ 5.9733743, 5.0920223 ], [ 5.9739401, 5.0917274 ], [ 5.9743728, 5.0910345 ], [ 5.9751484, 5.0902987 ], [ 5.9770071, 5.0891637 ], [ 5.9789031, 5.087024 ], [ 5.9803228, 5.0864006 ], [ 5.9805936, 5.0861774 ], [ 5.9811167, 5.0853494 ], [ 5.9818172, 5.0849679 ], [ 5.9824523, 5.0842702 ], [ 5.9826761, 5.0826227 ], [ 5.9832369, 5.0813828 ], [ 5.9831533, 5.0802433 ], [ 5.9842363, 5.0794395 ], [ 5.9843991, 5.0791998 ], [ 5.9846893, 5.0784877 ], [ 5.9844699, 5.0779518 ], [ 5.9844699, 5.077423 ], [ 5.9849654, 5.076309 ], [ 5.9848592, 5.0754982 ], [ 5.9852206, 5.0750863 ], [ 5.9853976, 5.0744799 ], [ 5.9858718, 5.0740075 ], [ 5.9860771, 5.0736338 ], [ 5.9861904, 5.0728583 ], [ 5.9859497, 5.0720827 ], [ 5.9857869, 5.0700239 ], [ 5.9860744, 5.0693203 ] ] } },
{ "type": "Feature", "properties": { "road_id": "w899658404", "road_group": "local", "highway": "tertiary", "name": null, "length_km": 13.293, "source_class": "OSM contextual transport network" }, "geometry": { "type": "MultiLineString", "coordinates": [ [ [ 6.0467531, 5.085952 ], [ 6.051097, 5.0853382 ], [ 6.0524356, 5.0853412 ], [ 6.0611364, 5.0868304 ], [ 6.0623315, 5.0872271 ], [ 6.0634629, 5.0879044 ], [ 6.0643658, 5.0887235 ], [ 6.0653314, 5.0900507 ], [ 6.0706544, 5.1061589 ], [ 6.0709548, 5.1076684 ], [ 6.0697933, 5.122126 ], [ 6.069718917888639, 5.124563807722056 ] ], [ [ 6.07621188610017, 5.136668106506327 ], [ 6.0769787, 5.1369057 ], [ 6.0779104, 5.1374163 ], [ 6.0818878, 5.1405491 ], [ 6.0832309, 5.1411756 ], [ 6.0845766, 5.1413963 ], [ 6.0918628, 5.1411295 ], [ 6.0960446, 5.1406423 ], [ 6.0981992, 5.1400837 ], [ 6.1095788, 5.1350464 ], [ 6.1102333, 5.1346029 ], [ 6.1109936, 5.133727 ], [ 6.1114978, 5.1327759 ], [ 6.1117231, 5.1317929 ], [ 6.1116641, 5.1307991 ], [ 6.1114924, 5.1300778 ], [ 6.109232, 5.1231697 ], [ 6.1092162, 5.1223233 ], [ 6.1093715, 5.121833 ], [ 6.1095916, 5.1214113 ], [ 6.1129253, 5.1180651 ], [ 6.1143825, 5.1168481 ], [ 6.1157662, 5.1160754 ], [ 6.1206532, 5.1137576 ] ] ] } },
{ "type": "Feature", "properties": { "road_id": "w899658405", "road_group": "local", "highway": "tertiary", "name": null, "length_km": 0.043, "source_class": "OSM contextual transport network" }, "geometry": { "type": "LineString", "coordinates": [ [ 6.0463705, 5.0859766 ], [ 6.0467531, 5.085952 ] ] } },
{ "type": "Feature", "properties": { "road_id": "w899658406", "road_group": "local", "highway": "residential", "name": null, "length_km": 0.009, "source_class": "OSM contextual transport network" }, "geometry": { "type": "LineString", "coordinates": [ [ 6.0463559, 5.092401 ], [ 6.0462781, 5.0923749 ] ] } },
{ "type": "Feature", "properties": { "road_id": "w899658407", "road_group": "local", "highway": "residential", "name": null, "length_km": 0.633, "source_class": "OSM contextual transport network" }, "geometry": { "type": "LineString", "coordinates": [ [ 6.0450856, 5.086066 ], [ 6.045175, 5.0871589 ], [ 6.0449742, 5.0880195 ], [ 6.0445259, 5.0890754 ], [ 6.0444091, 5.0899034 ], [ 6.044686, 5.0916063 ] ] } },
{ "type": "Feature", "properties": { "road_id": "w899658408", "road_group": "local", "highway": "residential", "name": null, "length_km": 0.269, "source_class": "OSM contextual transport network" }, "geometry": { "type": "LineString", "coordinates": [ [ 6.0442783, 5.0922366 ], [ 6.0443656, 5.0917782 ], [ 6.0451482, 5.0913854 ], [ 6.0451636, 5.0910846 ], [ 6.0453793, 5.0909036 ], [ 6.0458445, 5.0907593 ] ] } },
{ "type": "Feature", "properties": { "road_id": "w899658409", "road_group": "local", "highway": "residential", "name": null, "length_km": 0.433, "source_class": "OSM contextual transport network" }, "geometry": { "type": "LineString", "coordinates": [ [ 6.0389733, 5.0916847 ], [ 6.0387487, 5.0908709 ], [ 6.0386833, 5.0901081 ], [ 6.0384685, 5.0899453 ], [ 6.0378601, 5.0880228 ] ] } },
{ "type": "Feature", "properties": { "road_id": "w899816154", "road_group": "local", "highway": "unclassified", "name": null, "length_km": 7.373, "source_class": "OSM contextual transport network" }, "geometry": { "type": "LineString", "coordinates": [ [ 6.1709455, 5.1169348 ], [ 6.1700013, 5.1186631 ], [ 6.1687153, 5.1198832 ], [ 6.1670607, 5.1224302 ], [ 6.1679788, 5.1239472 ], [ 6.1684348, 5.1259821 ], [ 6.1694441, 5.127692 ], [ 6.1700844, 5.1290571 ], [ 6.1715714, 5.1311513 ], [ 6.1731098, 5.1338412 ], [ 6.1771701, 5.1401683 ], [ 6.1805858, 5.1442051 ], [ 6.1839842, 5.1476714 ], [ 6.1854699, 5.1494273 ], [ 6.1857498, 5.1495655 ], [ 6.1872502, 5.1497824 ], [ 6.1891932, 5.1496286 ], [ 6.1898674, 5.1498595 ], [ 6.1910653, 5.1505921 ], [ 6.1994886, 5.1610058 ], [ 6.1998741, 5.1613239 ], [ 6.2019161, 5.1624741 ], [ 6.2029097, 5.1632027 ], [ 6.2045671, 5.1645704 ], [ 6.2053377, 5.1654993 ] ] } },
{ "type": "Feature", "properties": { "road_id": "w899832037", "road_group": "local", "highway": "residential", "name": null, "length_km": 1.388, "source_class": "OSM contextual transport network" }, "geometry": { "type": "LineString", "coordinates": [ [ 6.1946105, 5.159151 ], [ 6.1993553, 5.1526947 ], [ 6.203122, 5.1502047 ] ] } },
{ "type": "Feature", "properties": { "road_id": "w899832038", "road_group": "local", "highway": "residential", "name": null, "length_km": 1.16, "source_class": "OSM contextual transport network" }, "geometry": { "type": "LineString", "coordinates": [ [ 6.1999838, 5.1537809 ], [ 6.2000639, 5.1535355 ], [ 6.198203, 5.1514549 ], [ 6.1933524, 5.1553025 ], [ 6.1930638, 5.1557074 ], [ 6.1930231, 5.1563795 ] ] } },
{ "type": "Feature", "properties": { "road_id": "w899832040", "road_group": "local", "highway": "residential", "name": null, "length_km": 0.411, "source_class": "OSM contextual transport network" }, "geometry": { "type": "LineString", "coordinates": [ [ 6.1924825, 5.1561619 ], [ 6.1928484, 5.1563724 ], [ 6.1960111, 5.1572127 ] ] } },
{ "type": "Feature", "properties": { "road_id": "w899832041", "road_group": "local", "highway": "residential", "name": null, "length_km": 0.162, "source_class": "OSM contextual transport network" }, "geometry": { "type": "LineString", "coordinates": [ [ 6.1923605, 5.157575 ], [ 6.1930191, 5.1568542 ], [ 6.1931614, 5.1564008 ] ] } },
{ "type": "Feature", "properties": { "road_id": "w899832042", "road_group": "local", "highway": "residential", "name": null, "length_km": 0.168, "source_class": "OSM contextual transport network" }, "geometry": { "type": "LineString", "coordinates": [ [ 6.1938607, 5.1581418 ], [ 6.1943995, 5.1567277 ] ] } },
{ "type": "Feature", "properties": { "road_id": "w899832043", "road_group": "local", "highway": "residential", "name": null, "length_km": 2.013, "source_class": "OSM contextual transport network" }, "geometry": { "type": "LineString", "coordinates": [ [ 6.1927761, 5.1570597 ], [ 6.1935842, 5.1579677 ], [ 6.1985085, 5.1614469 ], [ 6.2022674, 5.1638904 ], [ 6.2026214, 5.164291 ], [ 6.2038875, 5.1665243 ], [ 6.2056631, 5.1678706 ], [ 6.2063444, 5.1687147 ] ] } },
{ "type": "Feature", "properties": { "road_id": "w899832044", "road_group": "local", "highway": "residential", "name": null, "length_km": 1.186, "source_class": "OSM contextual transport network" }, "geometry": { "type": "LineString", "coordinates": [ [ 6.1975571, 5.1586444 ], [ 6.1968647, 5.1590795 ], [ 6.1960895, 5.159912 ], [ 6.1958887, 5.1599213 ], [ 6.1946105, 5.159151 ], [ 6.1891265, 5.1566237 ], [ 6.1891452, 5.1562609 ], [ 6.1894114, 5.1556888 ] ] } },
{ "type": "Feature", "properties": { "road_id": "w899832045", "road_group": "local", "highway": "residential", "name": null, "length_km": 0.033, "source_class": "OSM contextual transport network" }, "geometry": { "type": "LineString", "coordinates": [ [ 6.193897, 5.1588191 ], [ 6.1939926, 5.1585399 ] ] } },
{ "type": "Feature", "properties": { "road_id": "w899832046", "road_group": "local", "highway": "residential", "name": null, "length_km": 0.612, "source_class": "OSM contextual transport network" }, "geometry": { "type": "LineString", "coordinates": [ [ 6.1943902, 5.1585298 ], [ 6.1937872, 5.1585167 ], [ 6.1927564, 5.1580941 ], [ 6.1923605, 5.157575 ], [ 6.1908009, 5.1564056 ], [ 6.1899797, 5.1555432 ] ] } },
{ "type": "Feature", "properties": { "road_id": "w899832048", "road_group": "local", "highway": "residential", "name": null, "length_km": 0.121, "source_class": "OSM contextual transport network" }, "geometry": { "type": "LineString", "coordinates": [ [ 6.1913945, 5.1568672 ], [ 6.1918498, 5.1558711 ] ] } },
{ "type": "Feature", "properties": { "road_id": "w899832049", "road_group": "local", "highway": "residential", "name": null, "length_km": 1.391, "source_class": "OSM contextual transport network" }, "geometry": { "type": "LineString", "coordinates": [ [ 6.1928033, 5.1527108 ], [ 6.1899797, 5.1555432 ], [ 6.1896707, 5.155774 ], [ 6.1894878, 5.1557456 ], [ 6.1891584, 5.1554136 ], [ 6.1875689, 5.1525145 ], [ 6.1853979, 5.1497126 ], [ 6.1851946, 5.1494089 ], [ 6.1851601, 5.1491332 ] ] } },
{ "type": "Feature", "properties": { "road_id": "w899832050", "road_group": "local", "highway": "residential", "name": null, "length_km": 0.158, "source_class": "OSM contextual transport network" }, "geometry": { "type": "LineString", "coordinates": [ [ 6.188915, 5.1549012 ], [ 6.1894953, 5.1545898 ], [ 6.190056, 5.1540712 ] ] } },
{ "type": "Feature", "properties": { "road_id": "w899832051", "road_group": "local", "highway": "residential", "name": null, "length_km": 0.521, "source_class": "OSM contextual transport network" }, "geometry": { "type": "LineString", "coordinates": [ [ 6.1876931, 5.1527712 ], [ 6.1883922, 5.1523743 ], [ 6.1885863, 5.152451 ], [ 6.1887989, 5.1527517 ], [ 6.1900314, 5.1523804 ], [ 6.1909649, 5.1515979 ], [ 6.19168, 5.1512939 ] ] } },
{ "type": "Feature", "properties": { "road_id": "w899832052", "road_group": "local", "highway": "residential", "name": null, "length_km": 0.251, "source_class": "OSM contextual transport network" }, "geometry": { "type": "LineString", "coordinates": [ [ 6.1867419, 5.1514268 ], [ 6.1879516, 5.1507019 ], [ 6.1883429, 5.151423 ] ] } },
{ "type": "Feature", "properties": { "road_id": "w899832053", "road_group": "local", "highway": "residential", "name": null, "length_km": 0.402, "source_class": "OSM contextual transport network" }, "geometry": { "type": "LineString", "coordinates": [ [ 6.1919109, 5.1515701 ], [ 6.1929236, 5.1480821 ] ] } },
{ "type": "Feature", "properties": { "road_id": "w899832054", "road_group": "local", "highway": "residential", "name": null, "length_km": 0.621, "source_class": "OSM contextual transport network" }, "geometry": { "type": "LineString", "coordinates": [ [ 6.1937153, 5.1538554 ], [ 6.1951403, 5.1524964 ], [ 6.195245, 5.152165 ], [ 6.1946226, 5.1489307 ] ] } },
{ "type": "Feature", "properties": { "road_id": "w899832055", "road_group": "local", "highway": "residential", "name": null, "length_km": 0.82, "source_class": "OSM contextual transport network" }, "geometry": { "type": "LineString", "coordinates": [ [ 6.1919853, 5.1482617 ], [ 6.1954607, 5.1490902 ], [ 6.1956825, 5.1492437 ], [ 6.1960892, 5.1517231 ], [ 6.195664, 5.1520852 ], [ 6.1952276, 5.1522374 ] ] } },
{ "type": "Feature", "properties": { "road_id": "w899832056", "road_group": "local", "highway": "residential", "name": null, "length_km": 0.359, "source_class": "OSM contextual transport network" }, "geometry": { "type": "LineString", "coordinates": [ [ 6.1845336, 5.1483113 ], [ 6.1851453, 5.1475744 ], [ 6.1856629, 5.1467029 ], [ 6.186501, 5.1457454 ] ] } },
{ "type": "Feature", "properties": { "road_id": "w899832057", "road_group": "local", "highway": "residential", "name": null, "length_km": 0.564, "source_class": "OSM contextual transport network" }, "geometry": { "type": "LineString", "coordinates": [ [ 6.1839842, 5.1476714 ], [ 6.1850591, 5.1458927 ], [ 6.1868276, 5.1434624 ] ] } },
{ "type": "Feature", "properties": { "road_id": "w899832058", "road_group": "local", "highway": "residential", "name": null, "length_km": 0.102, "source_class": "OSM contextual transport network" }, "geometry": { "type": "LineString", "coordinates": [ [ 6.184868, 5.1462426 ], [ 6.1856629, 5.1467029 ] ] } },
{ "type": "Feature", "properties": { "road_id": "w899832059", "road_group": "local", "highway": "residential", "name": null, "length_km": 0.293, "source_class": "OSM contextual transport network" }, "geometry": { "type": "LineString", "coordinates": [ [ 6.1851251, 5.149087 ], [ 6.1854966, 5.1487711 ], [ 6.1865256, 5.1468747 ] ] } },
{ "type": "Feature", "properties": { "road_id": "w899832060", "road_group": "local", "highway": "residential", "name": null, "length_km": 0.238, "source_class": "OSM contextual transport network" }, "geometry": { "type": "LineString", "coordinates": [ [ 6.1857498, 5.1495655 ], [ 6.1869139, 5.1477646 ] ] } },
{ "type": "Feature", "properties": { "road_id": "w899832061", "road_group": "local", "highway": "residential", "name": null, "length_km": 0.256, "source_class": "OSM contextual transport network" }, "geometry": { "type": "LineString", "coordinates": [ [ 6.1918531, 5.1536659 ], [ 6.1937309, 5.1550027 ] ] } },
{ "type": "Feature", "properties": { "road_id": "w899832062", "road_group": "local", "highway": "residential", "name": null, "length_km": 0.24, "source_class": "OSM contextual transport network" }, "geometry": { "type": "LineString", "coordinates": [ [ 6.1998114, 5.1612794 ], [ 6.2004847, 5.1601433 ], [ 6.2010439, 5.1595053 ] ] } },
{ "type": "Feature", "properties": { "road_id": "w899832063", "road_group": "local", "highway": "residential", "name": null, "length_km": 0.097, "source_class": "OSM contextual transport network" }, "geometry": { "type": "LineString", "coordinates": [ [ 6.1997629, 5.162263 ], [ 6.200129, 5.1614655 ] ] } },
{ "type": "Feature", "properties": { "road_id": "w899832064", "road_group": "local", "highway": "residential", "name": null, "length_km": 0.89, "source_class": "OSM contextual transport network" }, "geometry": { "type": "LineString", "coordinates": [ [ 6.2029467, 5.1664857 ], [ 6.2037546, 5.1663647 ], [ 6.2100918, 5.1629416 ] ] } },
{ "type": "Feature", "properties": { "road_id": "w899832065", "road_group": "local", "highway": "residential", "name": null, "length_km": 0.038, "source_class": "OSM contextual transport network" }, "geometry": { "type": "LineString", "coordinates": [ [ 6.2100918, 5.1629416 ], [ 6.2104285, 5.1630096 ] ] } },
{ "type": "Feature", "properties": { "road_id": "w899832066", "road_group": "local", "highway": "residential", "name": null, "length_km": 0.03, "source_class": "OSM contextual transport network" }, "geometry": { "type": "LineString", "coordinates": [ [ 6.2100918, 5.1629416 ], [ 6.2103013, 5.162773 ] ] } },
{ "type": "Feature", "properties": { "road_id": "w899832067", "road_group": "local", "highway": "residential", "name": null, "length_km": 0.995, "source_class": "OSM contextual transport network" }, "geometry": { "type": "LineString", "coordinates": [ [ 6.205191, 5.1688056 ], [ 6.2046492, 5.1688536 ], [ 6.203807, 5.1679614 ], [ 6.2021655, 5.1652634 ], [ 6.2006527, 5.1634202 ], [ 6.1996603, 5.1625333 ], [ 6.1997629, 5.162263 ] ] } },
{ "type": "Feature", "properties": { "road_id": "w899832068", "road_group": "local", "highway": "residential", "name": null, "length_km": 1.044, "source_class": "OSM contextual transport network" }, "geometry": { "type": "LineString", "coordinates": [ [ 6.2010336, 5.1638583 ], [ 6.2045902, 5.1584248 ], [ 6.2050676, 5.1580081 ], [ 6.2069923, 5.1567783 ] ] } },
{ "type": "Feature", "properties": { "road_id": "w899832069", "road_group": "local", "highway": "residential", "name": null, "length_km": 0.727, "source_class": "OSM contextual transport network" }, "geometry": { "type": "LineString", "coordinates": [ [ 6.2037963, 5.1595361 ], [ 6.205132, 5.1625761 ], [ 6.2070954, 5.163324 ], [ 6.2079016, 5.1641136 ] ] } },
{ "type": "Feature", "properties": { "road_id": "w899832070", "road_group": "local", "highway": "residential", "name": null, "length_km": 0.152, "source_class": "OSM contextual transport network" }, "geometry": { "type": "LineString", "coordinates": [ [ 6.2028643, 5.1631702 ], [ 6.2033456, 5.1625867 ], [ 6.2035334, 5.1619991 ] ] } },
{ "type": "Feature", "properties": { "road_id": "w899832071", "road_group": "local", "highway": "residential", "name": null, "length_km": 0.294, "source_class": "OSM contextual transport network" }, "geometry": { "type": "LineString", "coordinates": [ [ 6.202423, 5.1617266 ], [ 6.2029755, 5.1621326 ], [ 6.2037265, 5.1623036 ], [ 6.2048906, 5.1620632 ] ] } },
{ "type": "Feature", "properties": { "road_id": "w899832072", "road_group": "local", "highway": "residential", "name": null, "length_km": 0.103, "source_class": "OSM contextual transport network" }, "geometry": { "type": "LineString", "coordinates": [ [ 6.2022674, 5.1638904 ], [ 6.2027969, 5.1631221 ] ] } },
{ "type": "Feature", "properties": { "road_id": "w899832073", "road_group": "local", "highway": "residential", "name": null, "length_km": 0.091, "source_class": "OSM contextual transport network" }, "geometry": { "type": "LineString", "coordinates": [ [ 6.2025361, 5.165844 ], [ 6.2032321, 5.165413 ] ] } },
{ "type": "Feature", "properties": { "road_id": "w899832074", "road_group": "local", "highway": "residential", "name": null, "length_km": 0.098, "source_class": "OSM contextual transport network" }, "geometry": { "type": "LineString", "coordinates": [ [ 6.2021094, 5.1651949 ], [ 6.202834, 5.164688 ] ] } },
{ "type": "Feature", "properties": { "road_id": "w899832075", "road_group": "local", "highway": "residential", "name": null, "length_km": 0.123, "source_class": "OSM contextual transport network" }, "geometry": { "type": "LineString", "coordinates": [ [ 6.2056631, 5.1678706 ], [ 6.2064785, 5.1671333 ] ] } },
{ "type": "Feature", "properties": { "road_id": "w899842516", "road_group": "local", "highway": "tertiary", "name": null, "length_km": 0.301, "source_class": "OSM contextual transport network" }, "geometry": { "type": "LineString", "coordinates": [ [ 6.2145693, 5.1702873 ], [ 6.2161396, 5.1725083 ] ] } },
{ "type": "Feature", "properties": { "road_id": "w899842517", "road_group": "local", "highway": "tertiary", "name": null, "length_km": 0.031, "source_class": "OSM contextual transport network" }, "geometry": { "type": "LineString", "coordinates": [ [ 6.2144086, 5.1700629 ], [ 6.2145693, 5.1702873 ] ] } },
{ "type": "Feature", "properties": { "road_id": "w899920894", "road_group": "local", "highway": "residential", "name": null, "length_km": 1.42, "source_class": "OSM contextual transport network" }, "geometry": { "type": "LineString", "coordinates": [ [ 6.1716751, 5.1313297 ], [ 6.1689739, 5.1316896 ], [ 6.1684589, 5.1305088 ], [ 6.1678474, 5.1299104 ], [ 6.1671178, 5.1289487 ], [ 6.1669998, 5.1286014 ], [ 6.1671929, 5.1264749 ], [ 6.1671715, 5.1240492 ], [ 6.1667852, 5.1227776 ], [ 6.1668335, 5.1225959 ], [ 6.1670776, 5.1224696 ] ] } },
{ "type": "Feature", "properties": { "road_id": "w899920895", "road_group": "local", "highway": "residential", "name": null, "length_km": 0.384, "source_class": "OSM contextual transport network" }, "geometry": { "type": "LineString", "coordinates": [ [ 6.1671723, 5.1256632 ], [ 6.170594, 5.1252567 ] ] } },
{ "type": "Feature", "properties": { "road_id": "w899920896", "road_group": "local", "highway": "residential", "name": null, "length_km": 0.255, "source_class": "OSM contextual transport network" }, "geometry": { "type": "LineString", "coordinates": [ [ 6.167488, 5.1256681 ], [ 6.1677347, 5.1265551 ], [ 6.1684321, 5.1277412 ] ] } },
{ "type": "Feature", "properties": { "road_id": "w899920897", "road_group": "local", "highway": "residential", "name": null, "length_km": 0.39, "source_class": "OSM contextual transport network" }, "geometry": { "type": "LineString", "coordinates": [ [ 6.1670152, 5.128115 ], [ 6.1680888, 5.1279923 ], [ 6.1685179, 5.1277091 ], [ 6.1700078, 5.1288806 ] ] } },
{ "type": "Feature", "properties": { "road_id": "w899920898", "road_group": "local", "highway": "residential", "name": null, "length_km": 0.101, "source_class": "OSM contextual transport network" }, "geometry": { "type": "LineString", "coordinates": [ [ 6.1682819, 5.1275435 ], [ 6.169071, 5.1270832 ] ] } },
{ "type": "Feature", "properties": { "road_id": "w899920899", "road_group": "local", "highway": "residential", "name": null, "length_km": 0.26, "source_class": "OSM contextual transport network" }, "geometry": { "type": "LineString", "coordinates": [ [ 6.1701708, 5.129202 ], [ 6.1714147, 5.1283503 ], [ 6.172214, 5.1281259 ] ] } },
{ "type": "Feature", "properties": { "road_id": "w899920900", "road_group": "local", "highway": "residential", "name": null, "length_km": 0.929, "source_class": "OSM contextual transport network" }, "geometry": { "type": "LineString", "coordinates": [ [ 6.1714147, 5.1283503 ], [ 6.1708783, 5.1267688 ], [ 6.1707442, 5.125759 ], [ 6.1701058, 5.1236431 ], [ 6.1693387, 5.1228898 ], [ 6.1686413, 5.121554 ], [ 6.1679501, 5.1209992 ] ] } },
{ "type": "Feature", "properties": { "road_id": "w899920901", "road_group": "local", "highway": "residential", "name": null, "length_km": 0.241, "source_class": "OSM contextual transport network" }, "geometry": { "type": "LineString", "coordinates": [ [ 6.1687074, 5.1264825 ], [ 6.1706981, 5.125605 ] ] } },
{ "type": "Feature", "properties": { "road_id": "w899920908", "road_group": "local", "highway": "residential", "name": null, "length_km": 0.54, "source_class": "OSM contextual transport network" }, "geometry": { "type": "LineString", "coordinates": [ [ 6.1655471, 5.1204493 ], [ 6.1672009, 5.1167881 ], [ 6.1673527, 5.115957 ] ] } },
{ "type": "Feature", "properties": { "road_id": "w899926836", "road_group": "local", "highway": "residential", "name": null, "length_km": 0.319, "source_class": "OSM contextual transport network" }, "geometry": { "type": "LineString", "coordinates": [ [ 6.1186536, 5.1068101 ], [ 6.1193371, 5.1071629 ], [ 6.1214093, 5.1071526 ] ] } },
{ "type": "Feature", "properties": { "road_id": "w899926838", "road_group": "local", "highway": "residential", "name": null, "length_km": 0.246, "source_class": "OSM contextual transport network" }, "geometry": { "type": "LineString", "coordinates": [ [ 6.1184005, 5.1148358 ], [ 6.1189377, 5.1156922 ], [ 6.1193025, 5.1160235 ], [ 6.1199355, 5.1157082 ] ] } },
{ "type": "Feature", "properties": { "road_id": "w899926839", "road_group": "local", "highway": "service", "name": null, "length_km": 0.155, "source_class": "OSM contextual transport network" }, "geometry": { "type": "LineString", "coordinates": [ [ 6.1175805, 5.1166379 ], [ 6.1174667, 5.1152675 ] ] } },
{ "type": "Feature", "properties": { "road_id": "w899926840", "road_group": "local", "highway": "residential", "name": null, "length_km": 0.21, "source_class": "OSM contextual transport network" }, "geometry": { "type": "LineString", "coordinates": [ [ 6.1193955, 5.108363 ], [ 6.1198819, 5.1084844 ], [ 6.1212458, 5.1083361 ] ] } },
{ "type": "Feature", "properties": { "road_id": "w899926842", "road_group": "local", "highway": "residential", "name": null, "length_km": 0.524, "source_class": "OSM contextual transport network" }, "geometry": { "type": "LineString", "coordinates": [ [ 6.1170655, 5.1045786 ], [ 6.118471, 5.1046106 ], [ 6.1190182, 5.1045091 ], [ 6.1217635, 5.1047136 ] ] } },
{ "type": "Feature", "properties": { "road_id": "w899926844", "road_group": "local", "highway": "service", "name": null, "length_km": 0.269, "source_class": "OSM contextual transport network" }, "geometry": { "type": "LineString", "coordinates": [ [ 6.1182314, 5.1011284 ], [ 6.1199248, 5.1013513 ], [ 6.1197799, 5.1020512 ] ] } },
{ "type": "Feature", "properties": { "road_id": "w899926845", "road_group": "local", "highway": "service", "name": null, "length_km": 0.16, "source_class": "OSM contextual transport network" }, "geometry": { "type": "LineString", "coordinates": [ [ 6.1185289, 5.1011675 ], [ 6.1185461, 5.1026123 ] ] } },
{ "type": "Feature", "properties": { "road_id": "w899926846", "road_group": "local", "highway": "service", "name": null, "length_km": 0.171, "source_class": "OSM contextual transport network" }, "geometry": { "type": "LineString", "coordinates": [ [ 6.1185399, 5.1020885 ], [ 6.1197799, 5.1020512 ], [ 6.1200321, 5.1022062 ] ] } },
{ "type": "Feature", "properties": { "road_id": "w899926847", "road_group": "local", "highway": "residential", "name": null, "length_km": 0.208, "source_class": "OSM contextual transport network" }, "geometry": { "type": "LineString", "coordinates": [ [ 6.1166014, 5.1015986 ], [ 6.11821, 5.1025496 ] ] } },
{ "type": "Feature", "properties": { "road_id": "w899926848", "road_group": "local", "highway": "residential", "name": null, "length_km": 0.353, "source_class": "OSM contextual transport network" }, "geometry": { "type": "LineString", "coordinates": [ [ 6.1145696, 4.9976379 ], [ 6.1147513, 4.9966623 ], [ 6.1153491, 4.9961599 ], [ 6.1154705, 4.9959273 ], [ 6.1153799, 4.9948063 ] ] } },
{ "type": "Feature", "properties": { "road_id": "w900014879", "road_group": "local", "highway": "residential", "name": null, "length_km": 0.552, "source_class": "OSM contextual transport network" }, "geometry": { "type": "LineString", "coordinates": [ [ 6.1452884, 5.1439966 ], [ 6.1457835, 5.143485 ], [ 6.1464232, 5.1436013 ], [ 6.146951, 5.1440106 ], [ 6.1483053, 5.1452525 ], [ 6.1482726, 5.145578 ], [ 6.1477962, 5.1461501 ] ] } },
{ "type": "Feature", "properties": { "road_id": "w900014880", "road_group": "local", "highway": "residential", "name": null, "length_km": 0.16, "source_class": "OSM contextual transport network" }, "geometry": { "type": "LineString", "coordinates": [ [ 6.1459329, 5.1445129 ], [ 6.1466754, 5.1432757 ] ] } },
{ "type": "Feature", "properties": { "road_id": "w900014881", "road_group": "local", "highway": "unclassified", "name": null, "length_km": 0.886, "source_class": "OSM contextual transport network" }, "geometry": { "type": "LineString", "coordinates": [ [ 6.1766751, 5.1675539 ], [ 6.1757281, 5.1667172 ], [ 6.169666172685904, 5.163825972412813 ] ] } },
{ "type": "Feature", "properties": { "road_id": "w900018414", "road_group": "local", "highway": "residential", "name": null, "length_km": 0.081, "source_class": "OSM contextual transport network" }, "geometry": { "type": "LineString", "coordinates": [ [ 6.171312993242909, 5.16542954636064 ], [ 6.1715474, 5.1647321 ] ] } },
{ "type": "Feature", "properties": { "road_id": "w900018417", "road_group": "local", "highway": "residential", "name": null, "length_km": 0.115, "source_class": "OSM contextual transport network" }, "geometry": { "type": "LineString", "coordinates": [ [ 6.1751681, 5.1675331 ], [ 6.1752777, 5.1665013 ] ] } },
{ "type": "Feature", "properties": { "road_id": "w900018419", "road_group": "local", "highway": "residential", "name": null, "length_km": 0.141, "source_class": "OSM contextual transport network" }, "geometry": { "type": "LineString", "coordinates": [ [ 6.1780005, 5.1696311 ], [ 6.1784654, 5.1684418 ] ] } },
{ "type": "Feature", "properties": { "road_id": "w900337767", "road_group": "local", "highway": "unclassified", "name": null, "length_km": 3.892, "source_class": "OSM contextual transport network" }, "geometry": { "type": "LineString", "coordinates": [ [ 6.2048019, 5.2184837 ], [ 6.2070456, 5.2209019 ], [ 6.209406, 5.2224778 ], [ 6.2102482, 5.2233646 ], [ 6.2120506, 5.2260517 ], [ 6.2134346, 5.2293104 ], [ 6.2137297, 5.2297431 ], [ 6.2143627, 5.2302025 ], [ 6.2147006, 5.2311481 ], [ 6.2149742, 5.231319 ], [ 6.2168899, 5.2320846 ], [ 6.218532, 5.2321269 ], [ 6.22033, 5.2318661 ], [ 6.2208608, 5.2321551 ], [ 6.221505, 5.2321692 ], [ 6.2221137, 5.2323666 ], [ 6.2254264, 5.2324512 ], [ 6.2258086, 5.2326063 ], [ 6.2283002, 5.2323384 ], [ 6.2286825, 5.2323384 ], [ 6.2294611, 5.232571 ], [ 6.232851116422339, 5.232181809383264 ] ] } },
{ "type": "Feature", "properties": { "road_id": "w900337768", "road_group": "local", "highway": "unclassified", "name": null, "length_km": 2.501, "source_class": "OSM contextual transport network" }, "geometry": { "type": "LineString", "coordinates": [ [ 6.2143627, 5.2302025 ], [ 6.2189578, 5.2301268 ], [ 6.2214103, 5.2298077 ], [ 6.2221991, 5.2295745 ], [ 6.2264111, 5.227673 ], [ 6.2280363, 5.2283705 ], [ 6.2315014, 5.2277939 ], [ 6.2334722, 5.2276916 ], [ 6.236203908035766, 5.227726497642912 ] ] } },
{ "type": "Feature", "properties": { "road_id": "w900706206", "road_group": "local", "highway": "residential", "name": null, "length_km": 0.338, "source_class": "OSM contextual transport network" }, "geometry": { "type": "LineString", "coordinates": [ [ 6.1087795, 5.1353936 ], [ 6.1094005, 5.1364107 ], [ 6.1100627, 5.1381425 ] ] } },
{ "type": "Feature", "properties": { "road_id": "w900741024", "road_group": "local", "highway": "service", "name": null, "length_km": 1.138, "source_class": "OSM contextual transport network" }, "geometry": { "type": "LineString", "coordinates": [ [ 6.0703311, 5.0985639 ], [ 6.0779722, 5.091705 ] ] } },
{ "type": "Feature", "properties": { "road_id": "w900741025", "road_group": "local", "highway": "residential", "name": null, "length_km": 0.407, "source_class": "OSM contextual transport network" }, "geometry": { "type": "LineString", "coordinates": [ [ 6.068035, 5.0980438 ], [ 6.0663014, 5.0986992 ], [ 6.0662416, 5.0988053 ], [ 6.0671203, 5.1002519 ] ] } },
{ "type": "Feature", "properties": { "road_id": "w900746078", "road_group": "local", "highway": "service", "name": null, "length_km": 0.431, "source_class": "OSM contextual transport network" }, "geometry": { "type": "LineString", "coordinates": [ [ 6.0682585, 5.0986855 ], [ 6.0711204, 5.0960597 ] ] } },
{ "type": "Feature", "properties": { "road_id": "w900746080", "road_group": "local", "highway": "service", "name": null, "length_km": 0.801, "source_class": "OSM contextual transport network" }, "geometry": { "type": "LineString", "coordinates": [ [ 6.0600694, 5.0958848 ], [ 6.061927, 5.0947792 ], [ 6.0622081, 5.0947177 ], [ 6.0631498, 5.0956094 ], [ 6.0660968, 5.0974483 ] ] } },
{ "type": "Feature", "properties": { "road_id": "w900751564", "road_group": "local", "highway": "residential", "name": null, "length_km": 0.315, "source_class": "OSM contextual transport network" }, "geometry": { "type": "LineString", "coordinates": [ [ 6.0427655, 5.089597 ], [ 6.042616, 5.0883224 ], [ 6.0426716, 5.0867647 ] ] } },
{ "type": "Feature", "properties": { "road_id": "w900751565", "road_group": "local", "highway": "residential", "name": null, "length_km": 0.255, "source_class": "OSM contextual transport network" }, "geometry": { "type": "LineString", "coordinates": [ [ 6.0410212, 5.0915408 ], [ 6.0410558, 5.0907897 ], [ 6.0411914, 5.0906516 ], [ 6.0411944, 5.0903816 ], [ 6.0413639, 5.0902527 ], [ 6.041367, 5.0893934 ] ] } },
{ "type": "Feature", "properties": { "road_id": "w900751566", "road_group": "local", "highway": "residential", "name": null, "length_km": 0.156, "source_class": "OSM contextual transport network" }, "geometry": { "type": "LineString", "coordinates": [ [ 6.0413658, 5.0897125 ], [ 6.0427655, 5.089597 ] ] } },
{ "type": "Feature", "properties": { "road_id": "w900751567", "road_group": "local", "highway": "residential", "name": null, "length_km": 0.27, "source_class": "OSM contextual transport network" }, "geometry": { "type": "LineString", "coordinates": [ [ 6.0425968, 5.0918795 ], [ 6.042584, 5.0914281 ], [ 6.0428829, 5.0902742 ], [ 6.0428983, 5.0897555 ], [ 6.0427655, 5.089597 ] ] } },
{ "type": "Feature", "properties": { "road_id": "w900751568", "road_group": "local", "highway": "residential", "name": null, "length_km": 0.103, "source_class": "OSM contextual transport network" }, "geometry": { "type": "LineString", "coordinates": [ [ 6.0428843, 5.0902245 ], [ 6.0437934, 5.0900595 ] ] } },
{ "type": "Feature", "properties": { "road_id": "w900751572", "road_group": "local", "highway": "service", "name": null, "length_km": 0.521, "source_class": "OSM contextual transport network" }, "geometry": { "type": "LineString", "coordinates": [ [ 6.0369628, 5.0918892 ], [ 6.036906, 5.0907147 ], [ 6.0360125, 5.089929 ], [ 6.0350882, 5.0899597 ], [ 6.0349588, 5.0897388 ], [ 6.0348801, 5.0886105 ] ] } },
{ "type": "Feature", "properties": { "road_id": "w901394087", "road_group": "local", "highway": "residential", "name": null, "length_km": 0.581, "source_class": "OSM contextual transport network" }, "geometry": { "type": "LineString", "coordinates": [ [ 6.1502454, 5.0231793 ], [ 6.1516091, 5.0243609 ], [ 6.1520094, 5.0251296 ], [ 6.1526645, 5.0259984 ], [ 6.1539408, 5.0267397 ] ] } },
{ "type": "Feature", "properties": { "road_id": "w901394088", "road_group": "local", "highway": "service", "name": null, "length_km": 0.562, "source_class": "OSM contextual transport network" }, "geometry": { "type": "LineString", "coordinates": [ [ 6.1537745, 5.0268919 ], [ 6.1541232, 5.0266407 ], [ 6.154386, 5.0266514 ], [ 6.1556896, 5.0272018 ], [ 6.1576637, 5.0293981 ] ] } },
{ "type": "Feature", "properties": { "road_id": "w901730301", "road_group": "local", "highway": "residential", "name": null, "length_km": 0.339, "source_class": "OSM contextual transport network" }, "geometry": { "type": "LineString", "coordinates": [ [ 6.1130173, 4.9921641 ], [ 6.1126119, 4.9894948 ], [ 6.1124331, 4.9891859 ] ] } },
{ "type": "Feature", "properties": { "road_id": "w901730302", "road_group": "local", "highway": "service", "name": null, "length_km": 0.431, "source_class": "OSM contextual transport network" }, "geometry": { "type": "LineString", "coordinates": [ [ 6.1130173, 4.9921641 ], [ 6.112455, 4.992377 ], [ 6.1119694, 4.9922561 ], [ 6.1116752, 4.9919537 ], [ 6.1115351, 4.9914187 ], [ 6.1116331, 4.9909627 ], [ 6.11196, 4.9906231 ], [ 6.1124317, 4.9904789 ], [ 6.1127558, 4.9905793 ] ] } },
{ "type": "Feature", "properties": { "road_id": "w901730303", "road_group": "local", "highway": "service", "name": null, "length_km": 0.179, "source_class": "OSM contextual transport network" }, "geometry": { "type": "LineString", "coordinates": [ [ 6.1111518, 4.9899517 ], [ 6.1121935, 4.991186 ] ] } },
{ "type": "Feature", "properties": { "road_id": "w901730304", "road_group": "local", "highway": "service", "name": null, "length_km": 0.222, "source_class": "OSM contextual transport network" }, "geometry": { "type": "LineString", "coordinates": [ [ 6.112954, 4.9917055 ], [ 6.1123196, 4.9917676 ], [ 6.1121141, 4.9914559 ], [ 6.1122963, 4.9910976 ], [ 6.112833, 4.9910533 ] ] } },
{ "type": "Feature", "properties": { "road_id": "w901730308", "road_group": "local", "highway": "service", "name": null, "length_km": 0.5, "source_class": "OSM contextual transport network" }, "geometry": { "type": "LineString", "coordinates": [ [ 6.1059668, 4.9952402 ], [ 6.1065131, 4.9942361 ], [ 6.1069999, 4.9928782 ], [ 6.1071196, 4.9921844 ], [ 6.107856, 4.9912007 ] ] } },
{ "type": "Feature", "properties": { "road_id": "w901730325", "road_group": "local", "highway": "service", "name": null, "length_km": 0.051, "source_class": "OSM contextual transport network" }, "geometry": { "type": "LineString", "coordinates": [ [ 6.105199788336755, 4.98009188031803 ], [ 6.1056301, 4.9802494 ] ] } },
{ "type": "Feature", "properties": { "road_id": "w901730328", "road_group": "local", "highway": "service", "name": null, "length_km": 0.005, "source_class": "OSM contextual transport network" }, "geometry": { "type": "LineString", "coordinates": [ [ 6.104200261600432, 4.980760966860034 ], [ 6.1042415, 4.9807821 ] ] } },
{ "type": "Feature", "properties": { "road_id": "w903012714", "road_group": "local", "highway": "residential", "name": null, "length_km": 0.201, "source_class": "OSM contextual transport network" }, "geometry": { "type": "LineString", "coordinates": [ [ 6.086684, 5.0460627 ], [ 6.0870483, 5.0468907 ], [ 6.0879218, 5.0467779 ] ] } },
{ "type": "Feature", "properties": { "road_id": "w903557463", "road_group": "local", "highway": "service", "name": null, "length_km": 0.201, "source_class": "OSM contextual transport network" }, "geometry": { "type": "LineString", "coordinates": [ [ 6.0680211, 5.1217757 ], [ 6.0697933, 5.122126 ] ] } },
{ "type": "Feature", "properties": { "road_id": "w903557478", "road_group": "local", "highway": "residential", "name": null, "length_km": 0.266, "source_class": "OSM contextual transport network" }, "geometry": { "type": "LineString", "coordinates": [ [ 6.1009531, 5.1527805 ], [ 6.1010924, 5.1524507 ], [ 6.1011203, 5.1516134 ], [ 6.1006528, 5.1505256 ] ] } },
{ "type": "Feature", "properties": { "road_id": "w903557479", "road_group": "local", "highway": "residential", "name": null, "length_km": 0.259, "source_class": "OSM contextual transport network" }, "geometry": { "type": "LineString", "coordinates": [ [ 6.1012843, 5.150096 ], [ 6.1019167, 5.1512623 ], [ 6.1021908, 5.1522317 ] ] } },
{ "type": "Feature", "properties": { "road_id": "w903557480", "road_group": "local", "highway": "residential", "name": null, "length_km": 1.087, "source_class": "OSM contextual transport network" }, "geometry": { "type": "LineString", "coordinates": [ [ 6.1047018, 5.1506914 ], [ 6.1037978, 5.1500978 ], [ 6.1034589, 5.1497111 ], [ 6.1031104, 5.1488869 ], [ 6.1031664, 5.1487101 ], [ 6.1038156, 5.1482171 ], [ 6.1047262, 5.1477706 ], [ 6.1057443, 5.1475985 ], [ 6.1096392, 5.145931 ] ] } },
{ "type": "Feature", "properties": { "road_id": "w903936218", "road_group": "local", "highway": "unclassified", "name": null, "length_km": 3.397, "source_class": "OSM contextual transport network" }, "geometry": { "type": "LineString", "coordinates": [ [ 6.294427870072163, 5.26744770559407 ], [ 6.2957039, 5.2668089 ], [ 6.2979035, 5.265079 ], [ 6.3016068, 5.2637955 ], [ 6.3052807, 5.2634096 ], [ 6.3077308, 5.2633576 ], [ 6.3086621, 5.2631105 ], [ 6.310203, 5.2630619 ], [ 6.3136586, 5.262487 ], [ 6.3144107, 5.2626854 ], [ 6.3163377, 5.2628716 ], [ 6.3169028, 5.263321 ], [ 6.3175005, 5.2635112 ], [ 6.3181225, 5.2639728 ], [ 6.3187526, 5.2641347 ], [ 6.3192689, 5.2644383 ], [ 6.3198625, 5.2649565 ], [ 6.3207447, 5.2661791 ], [ 6.3212854, 5.2679846 ] ] } },
{ "type": "Feature", "properties": { "road_id": "w903943126", "road_group": "local", "highway": "residential", "name": null, "length_km": 0.086, "source_class": "OSM contextual transport network" }, "geometry": { "type": "LineString", "coordinates": [ [ 6.329644511577809, 5.299727789455332 ], [ 6.3301251, 5.2991233 ] ] } },
{ "type": "Feature", "properties": { "road_id": "w903943127", "road_group": "local", "highway": "residential", "name": null, "length_km": 0.263, "source_class": "OSM contextual transport network" }, "geometry": { "type": "LineString", "coordinates": [ [ 6.3260369, 5.2979141 ], [ 6.3262783, 5.2988435 ], [ 6.327111492814657, 5.299968897436323 ] ] } },
{ "type": "Feature", "properties": { "road_id": "w903943132", "road_group": "local", "highway": "unclassified", "name": null, "length_km": 3.014, "source_class": "OSM contextual transport network" }, "geometry": { "type": "LineString", "coordinates": [ [ 6.336461238875114, 5.302062604271066 ], [ 6.3370891, 5.3018733 ], [ 6.3381176, 5.3018369 ], [ 6.3386624, 5.302015 ], [ 6.3392275, 5.3024482 ], [ 6.3395853, 5.3024846 ], [ 6.3427523, 5.3022539 ], [ 6.3461185, 5.3015657 ], [ 6.3469316, 5.3014969 ], [ 6.3494237, 5.3019867 ], [ 6.3507572, 5.3021284 ], [ 6.3527248, 5.3032497 ], [ 6.3531883, 5.3034116 ], [ 6.3573635, 5.3038367 ], [ 6.3607973, 5.3044234 ], [ 6.3618264, 5.3046504 ], [ 6.362718902934076, 5.305140030123265 ] ] } },
{ "type": "Feature", "properties": { "road_id": "w903943134", "road_group": "local", "highway": "residential", "name": null, "length_km": 1.148, "source_class": "OSM contextual transport network" }, "geometry": { "type": "LineString", "coordinates": [ [ 6.372471153761529, 5.30240131783276 ], [ 6.3725725, 5.3017069 ], [ 6.3728485, 5.3014673 ], [ 6.3756445, 5.3010514 ], [ 6.3787165, 5.3001916 ], [ 6.3788793, 5.3003114 ], [ 6.3796721, 5.3018408 ], [ 6.379999999400845, 5.303104186378715 ] ] } },
{ "type": "Feature", "properties": { "road_id": "w903943136", "road_group": "local", "highway": "unclassified", "name": null, "length_km": 0.231, "source_class": "OSM contextual transport network" }, "geometry": { "type": "LineString", "coordinates": [ [ 6.391983544457448, 5.303357678093744 ], [ 6.394063385828747, 5.303324429753427 ] ] } },
{ "type": "Feature", "properties": { "road_id": "w903943139", "road_group": "local", "highway": "residential", "name": null, "length_km": 0.024, "source_class": "OSM contextual transport network" }, "geometry": { "type": "LineString", "coordinates": [ [ 6.3717372, 5.3024117 ], [ 6.371902690694183, 5.302553665809628 ] ] } },
{ "type": "Feature", "properties": { "road_id": "w903943140", "road_group": "local", "highway": "residential", "name": null, "length_km": 0.085, "source_class": "OSM contextual transport network" }, "geometry": { "type": "LineString", "coordinates": [ [ 6.380630727594689, 5.30320419160201 ], [ 6.3804608, 5.302458 ] ] } },
{ "type": "Feature", "properties": { "road_id": "w903943141", "road_group": "local", "highway": "residential", "name": null, "length_km": 0.25, "source_class": "OSM contextual transport network" }, "geometry": { "type": "LineString", "coordinates": [ [ 6.379010401658104, 5.302947279268109 ], [ 6.3788783, 5.3021749 ], [ 6.3802299, 5.3016586 ] ] } },
{ "type": "Feature", "properties": { "road_id": "w904436613", "road_group": "local", "highway": "unclassified", "name": null, "length_km": 3.709, "source_class": "OSM contextual transport network" }, "geometry": { "type": "LineString", "coordinates": [ [ 6.4162212, 5.2837742 ], [ 6.4162409, 5.2845104 ], [ 6.4161264, 5.2849749 ], [ 6.416331, 5.2860831 ], [ 6.4171411, 5.2865476 ], [ 6.4178613, 5.2866943 ], [ 6.4182214, 5.2866536 ], [ 6.4185242, 5.2867839 ], [ 6.4188843, 5.2897175 ], [ 6.4195962, 5.2917384 ], [ 6.422616, 5.296864 ], [ 6.4240754, 5.299828 ], [ 6.424556, 5.3005538 ], [ 6.4246639, 5.3015752 ], [ 6.4253766, 5.3026773 ], [ 6.4264619, 5.3033117 ], [ 6.4270828, 5.3039945 ], [ 6.4274067, 5.3041934 ], [ 6.4281572, 5.3041127 ], [ 6.4308352, 5.304989 ], [ 6.4316196, 5.304546 ], [ 6.4322235, 5.3050921 ], [ 6.432815, 5.3053621 ], [ 6.4331355, 5.3053621 ], [ 6.4335483, 5.3051228 ], [ 6.4336848, 5.3044115 ], [ 6.4341844, 5.3035609 ] ] } },
{ "type": "Feature", "properties": { "road_id": "w904436614", "road_group": "local", "highway": "unclassified", "name": null, "length_km": 0.871, "source_class": "OSM contextual transport network" }, "geometry": { "type": "LineString", "coordinates": [ [ 6.4257492, 5.3029085 ], [ 6.4262198, 5.3024224 ], [ 6.4266464, 5.3021966 ], [ 6.4269811, 5.301659 ], [ 6.4287359, 5.3007612 ], [ 6.4303556, 5.3001483 ], [ 6.4318944, 5.3000193 ], [ 6.4326518, 5.2997756 ] ] } },
{ "type": "Feature", "properties": { "road_id": "w904457950", "road_group": "local", "highway": "residential", "name": null, "length_km": 0.657, "source_class": "OSM contextual transport network" }, "geometry": { "type": "LineString", "coordinates": [ [ 6.4652039, 5.3181103 ], [ 6.4656378, 5.3175718 ], [ 6.4658086, 5.3169969 ], [ 6.4665078, 5.3165112 ], [ 6.4674976, 5.3149518 ], [ 6.4679773, 5.3148789 ], [ 6.4693758, 5.3151785 ] ] } },
{ "type": "Feature", "properties": { "road_id": "w904457951", "road_group": "local", "highway": "residential", "name": null, "length_km": 0.865, "source_class": "OSM contextual transport network" }, "geometry": { "type": "LineString", "coordinates": [ [ 6.4706831, 5.3187581 ], [ 6.4702042, 5.3181868 ], [ 6.4692579, 5.3154132 ], [ 6.469702, 5.3145673 ], [ 6.4707459, 5.3136767 ], [ 6.4712825, 5.3136038 ], [ 6.4725062, 5.3137009 ] ] } },
{ "type": "Feature", "properties": { "road_id": "w904457952", "road_group": "local", "highway": "residential", "name": null, "length_km": 0.905, "source_class": "OSM contextual transport network" }, "geometry": { "type": "MultiLineString", "coordinates": [ [ [ 6.451698598017244, 5.315020046006232 ], [ 6.4521464, 5.3151008 ] ], [ [ 6.4521464, 5.3151008 ], [ 6.4532032, 5.3155916 ], [ 6.4545681, 5.3157297 ], [ 6.4549563, 5.315653 ], [ 6.4551227, 5.3152112 ], [ 6.4551073, 5.3150087 ], [ 6.4545804, 5.3142418 ], [ 6.454109, 5.313981 ], [ 6.4537023, 5.3139043 ], [ 6.4528705, 5.3140056 ], [ 6.4522635, 5.3146621 ], [ 6.4521464, 5.3151008 ] ] ] } },
{ "type": "Feature", "properties": { "road_id": "w904457954", "road_group": "local", "highway": "residential", "name": null, "length_km": 2.386, "source_class": "OSM contextual transport network" }, "geometry": { "type": "LineString", "coordinates": [ [ 6.4551227, 5.3151345 ], [ 6.4584841, 5.3158125 ], [ 6.4613033, 5.3170672 ], [ 6.4627976, 5.3172513 ], [ 6.4636572, 5.3179415 ], [ 6.4645692, 5.3181348 ], [ 6.4650252, 5.3180796 ], [ 6.4673976, 5.3185369 ], [ 6.4689018, 5.3190024 ], [ 6.4699785, 5.3189516 ], [ 6.4708233, 5.3187339 ], [ 6.4733708, 5.3175314 ], [ 6.4752183, 5.3163791 ] ] } },
{ "type": "Feature", "properties": { "road_id": "w904457955", "road_group": "local", "highway": "residential", "name": null, "length_km": 0.526, "source_class": "OSM contextual transport network" }, "geometry": { "type": "LineString", "coordinates": [ [ 6.4697419, 5.3145269 ], [ 6.4707398, 5.3154113 ], [ 6.4715272, 5.3158455 ], [ 6.4718571, 5.3162648 ], [ 6.4727868, 5.3168351 ], [ 6.4730863, 5.3176498 ] ] } },
{ "type": "Feature", "properties": { "road_id": "w904457956", "road_group": "local", "highway": "residential", "name": null, "length_km": 0.267, "source_class": "OSM contextual transport network" }, "geometry": { "type": "LineString", "coordinates": [ [ 6.4700004, 5.3174744 ], [ 6.470414, 5.3172942 ], [ 6.4703832, 5.3168463 ], [ 6.470565, 5.3161806 ], [ 6.4711662, 5.3156426 ] ] } },
{ "type": "Feature", "properties": { "road_id": "w905941932", "road_group": "local", "highway": "service", "name": null, "length_km": 0.374, "source_class": "OSM contextual transport network" }, "geometry": { "type": "LineString", "coordinates": [ [ 6.1514899, 5.1503563 ], [ 6.1517902, 5.1500459 ], [ 6.152091, 5.1492847 ], [ 6.1508389, 5.1475759 ] ] } },
{ "type": "Feature", "properties": { "road_id": "w905941939", "road_group": "local", "highway": "residential", "name": null, "length_km": 0.253, "source_class": "OSM contextual transport network" }, "geometry": { "type": "LineString", "coordinates": [ [ 6.1126436, 5.1448716 ], [ 6.1120748, 5.1436241 ], [ 6.1119, 5.1427252 ] ] } },
{ "type": "Feature", "properties": { "road_id": "w905941940", "road_group": "local", "highway": "service", "name": null, "length_km": 0.81, "source_class": "OSM contextual transport network" }, "geometry": { "type": "LineString", "coordinates": [ [ 6.1129732, 5.1425268 ], [ 6.1120382, 5.1426847 ], [ 6.1109812, 5.1430532 ], [ 6.1082492, 5.1449765 ], [ 6.1079483, 5.1452316 ], [ 6.1080662, 5.1457013 ], [ 6.1079672, 5.1466636 ] ] } },
{ "type": "Feature", "properties": { "road_id": "w905941948", "road_group": "local", "highway": "service", "name": null, "length_km": 0.459, "source_class": "OSM contextual transport network" }, "geometry": { "type": "LineString", "coordinates": [ [ 6.1001918, 5.1513807 ], [ 6.1001757, 5.1508464 ], [ 6.1031151, 5.1487892 ] ] } },
{ "type": "Feature", "properties": { "road_id": "w905992371", "road_group": "local", "highway": "residential", "name": null, "length_km": 0.397, "source_class": "OSM contextual transport network" }, "geometry": { "type": "LineString", "coordinates": [ [ 6.0013813, 5.1150976 ], [ 6.003926, 5.1137933 ], [ 6.0044604, 5.113328 ] ] } },
{ "type": "Feature", "properties": { "road_id": "w905992372", "road_group": "local", "highway": "residential", "name": null, "length_km": 0.625, "source_class": "OSM contextual transport network" }, "geometry": { "type": "LineString", "coordinates": [ [ 6.0025682, 5.1161353 ], [ 6.0032795, 5.1159856 ], [ 6.0038959, 5.1156228 ], [ 6.0057312, 5.1140134 ], [ 6.0069454, 5.1127575 ] ] } },
{ "type": "Feature", "properties": { "road_id": "w905992373", "road_group": "local", "highway": "residential", "name": null, "length_km": 0.081, "source_class": "OSM contextual transport network" }, "geometry": { "type": "LineString", "coordinates": [ [ 6.0017561, 5.1164976 ], [ 6.0024798, 5.1163959 ] ] } },
{ "type": "Feature", "properties": { "road_id": "w905992380", "road_group": "local", "highway": "unclassified", "name": null, "length_km": 1.937, "source_class": "OSM contextual transport network" }, "geometry": { "type": "LineString", "coordinates": [ [ 5.9795645, 5.1341879 ], [ 5.9805297, 5.1337206 ], [ 5.9850551, 5.1294713 ], [ 5.986069, 5.1290249 ], [ 5.9870189, 5.1288973 ], [ 5.9906581, 5.1295564 ], [ 5.9941587, 5.1296467 ], [ 5.995043132085313, 5.129806055796539 ] ] } },
{ "type": "Feature", "properties": { "road_id": "w905992383", "road_group": "local", "highway": "residential", "name": null, "length_km": 0.227, "source_class": "OSM contextual transport network" }, "geometry": { "type": "LineString", "coordinates": [ [ 5.9849194, 5.1283115 ], [ 5.9853212, 5.1284827 ], [ 5.9857625, 5.1284688 ], [ 5.9868217, 5.1288973 ] ] } },
{ "type": "Feature", "properties": { "road_id": "w906215737", "road_group": "local", "highway": "residential", "name": null, "length_km": 0.38, "source_class": "OSM contextual transport network" }, "geometry": { "type": "LineString", "coordinates": [ [ 6.2077973, 5.193086 ], [ 6.2082147, 5.1933776 ], [ 6.2079849, 5.194812 ], [ 6.2080724, 5.1951765 ], [ 6.2090483, 5.1956191 ] ] } },
{ "type": "Feature", "properties": { "road_id": "w906215738", "road_group": "local", "highway": "residential", "name": null, "length_km": 0.695, "source_class": "OSM contextual transport network" }, "geometry": { "type": "LineString", "coordinates": [ [ 6.2085158, 5.1958012 ], [ 6.2085898, 5.1963177 ], [ 6.208167, 5.1986782 ], [ 6.2086712, 5.2019941 ] ] } },
{ "type": "Feature", "properties": { "road_id": "w906215739", "road_group": "local", "highway": "residential", "name": null, "length_km": 0.221, "source_class": "OSM contextual transport network" }, "geometry": { "type": "LineString", "coordinates": [ [ 6.2068568, 5.2015475 ], [ 6.2087945, 5.2020189 ] ] } },
{ "type": "Feature", "properties": { "road_id": "w906215740", "road_group": "local", "highway": "residential", "name": null, "length_km": 0.18, "source_class": "OSM contextual transport network" }, "geometry": { "type": "LineString", "coordinates": [ [ 6.2065625, 5.2043991 ], [ 6.2081744, 5.2045321 ] ] } },
{ "type": "Feature", "properties": { "road_id": "w906215741", "road_group": "local", "highway": "residential", "name": null, "length_km": 0.107, "source_class": "OSM contextual transport network" }, "geometry": { "type": "LineString", "coordinates": [ [ 6.2059483, 5.2095749 ], [ 6.2068885, 5.2097994 ] ] } },
{ "type": "Feature", "properties": { "road_id": "w936525301", "road_group": "local", "highway": "residential", "name": null, "length_km": 0.104, "source_class": "OSM contextual transport network" }, "geometry": { "type": "LineString", "coordinates": [ [ 6.2980485, 5.2639769 ], [ 6.2984545, 5.2648231 ] ] } },
{ "type": "Feature", "properties": { "road_id": "w936525302", "road_group": "local", "highway": "residential", "name": null, "length_km": 0.486, "source_class": "OSM contextual transport network" }, "geometry": { "type": "LineString", "coordinates": [ [ 6.2979035, 5.265079 ], [ 6.2976749, 5.2655719 ], [ 6.294583110286722, 5.267797209013391 ] ] } },
{ "type": "Feature", "properties": { "road_id": "w936525303", "road_group": "local", "highway": "residential", "name": null, "length_km": 0.032, "source_class": "OSM contextual transport network" }, "geometry": { "type": "LineString", "coordinates": [ [ 6.2947115, 5.2673057 ], [ 6.294915, 5.2675157 ] ] } },
{ "type": "Feature", "properties": { "road_id": "w937783299", "road_group": "local", "highway": "residential", "name": null, "length_km": 1.31, "source_class": "OSM contextual transport network" }, "geometry": { "type": "LineString", "coordinates": [ [ 6.3642593, 5.2405848 ], [ 6.3666877, 5.2414731 ], [ 6.3668885, 5.2417939 ], [ 6.3686304, 5.2428589 ], [ 6.3696251, 5.24331 ], [ 6.370293, 5.2434588 ], [ 6.3721931, 5.243462 ], [ 6.3752945, 5.2438215 ] ] } },
{ "type": "Feature", "properties": { "road_id": "w937783300", "road_group": "local", "highway": "residential", "name": null, "length_km": 0.42, "source_class": "OSM contextual transport network" }, "geometry": { "type": "LineString", "coordinates": [ [ 6.3729642, 5.2452153 ], [ 6.3728896, 5.2437425 ], [ 6.372983, 5.2424264 ], [ 6.3730998, 5.24178 ], [ 6.373408, 5.2418358 ] ] } },
{ "type": "Feature", "properties": { "road_id": "w937783301", "road_group": "local", "highway": "residential", "name": null, "length_km": 0.076, "source_class": "OSM contextual transport network" }, "geometry": { "type": "LineString", "coordinates": [ [ 6.3649881, 5.2415951 ], [ 6.365268, 5.2409662 ] ] } },
{ "type": "Feature", "properties": { "road_id": "w937783302", "road_group": "local", "highway": "residential", "name": null, "length_km": 0.1, "source_class": "OSM contextual transport network" }, "geometry": { "type": "LineString", "coordinates": [ [ 6.3694021, 5.2441552 ], [ 6.3698328, 5.2433694 ] ] } },
{ "type": "Feature", "properties": { "road_id": "w937783303", "road_group": "local", "highway": "residential", "name": null, "length_km": 0.175, "source_class": "OSM contextual transport network" }, "geometry": { "type": "LineString", "coordinates": [ [ 6.3674864, 5.2446366 ], [ 6.368037, 5.2446608 ], [ 6.3684969, 5.2437545 ] ] } },
{ "type": "Feature", "properties": { "road_id": "w937783304", "road_group": "local", "highway": "residential", "name": null, "length_km": 0.091, "source_class": "OSM contextual transport network" }, "geometry": { "type": "LineString", "coordinates": [ [ 6.3692879, 5.2450101 ], [ 6.3696212, 5.2442552 ] ] } },
{ "type": "Feature", "properties": { "road_id": "w937783305", "road_group": "local", "highway": "residential", "name": null, "length_km": 0.378, "source_class": "OSM contextual transport network" }, "geometry": { "type": "LineString", "coordinates": [ [ 6.36408, 5.2439298 ], [ 6.3656086, 5.2442618 ], [ 6.366129, 5.2438691 ], [ 6.3667597, 5.2428739 ] ] } },
{ "type": "Feature", "properties": { "road_id": "w937783306", "road_group": "local", "highway": "service", "name": null, "length_km": 0.154, "source_class": "OSM contextual transport network" }, "geometry": { "type": "LineString", "coordinates": [ [ 6.3760669, 5.245138 ], [ 6.3762551, 5.2450148 ], [ 6.3766444, 5.2449981 ], [ 6.376701, 5.2442281 ] ] } },
{ "type": "Feature", "properties": { "road_id": "w937783307", "road_group": "local", "highway": "residential", "name": null, "length_km": 0.254, "source_class": "OSM contextual transport network" }, "geometry": { "type": "LineString", "coordinates": [ [ 6.3783326, 5.2445945 ], [ 6.3804506, 5.2437174 ] ] } },
{ "type": "Feature", "properties": { "road_id": "w937783308", "road_group": "local", "highway": "residential", "name": null, "length_km": 1.435, "source_class": "OSM contextual transport network" }, "geometry": { "type": "LineString", "coordinates": [ [ 6.3779647, 5.2425856 ], [ 6.3802205, 5.2425707 ], [ 6.3825147, 5.2422833 ], [ 6.3843943, 5.2422081 ], [ 6.3854604, 5.2425517 ], [ 6.3882888, 5.2442637 ], [ 6.3894411, 5.2438526 ], [ 6.3902299, 5.2440183 ] ] } },
{ "type": "Feature", "properties": { "road_id": "w937783309", "road_group": "local", "highway": "residential", "name": null, "length_km": 0.576, "source_class": "OSM contextual transport network" }, "geometry": { "type": "LineString", "coordinates": [ [ 6.386221, 5.2444674 ], [ 6.3865697, 5.2432232 ], [ 6.3870132, 5.2428585 ], [ 6.3880319, 5.2424396 ], [ 6.38837, 5.2420843 ], [ 6.3886383, 5.2416553 ], [ 6.388993, 5.2404981 ] ] } },
{ "type": "Feature", "properties": { "road_id": "w937783310", "road_group": "local", "highway": "residential", "name": null, "length_km": 1.392, "source_class": "OSM contextual transport network" }, "geometry": { "type": "LineString", "coordinates": [ [ 6.3891529, 5.2425959 ], [ 6.3857007, 5.2405267 ], [ 6.3836611, 5.2403856 ], [ 6.380845, 5.2396431 ], [ 6.380087, 5.2397781 ], [ 6.3796742, 5.239999 ], [ 6.3784418, 5.2410544 ], [ 6.3778381, 5.2414103 ] ] } },
{ "type": "Feature", "properties": { "road_id": "w937783311", "road_group": "local", "highway": "residential", "name": null, "length_km": 0.305, "source_class": "OSM contextual transport network" }, "geometry": { "type": "LineString", "coordinates": [ [ 6.3812147, 5.2397474 ], [ 6.3808235, 5.2424789 ] ] } },
{ "type": "Feature", "properties": { "road_id": "w937783312", "road_group": "local", "highway": "residential", "name": null, "length_km": 0.232, "source_class": "OSM contextual transport network" }, "geometry": { "type": "LineString", "coordinates": [ [ 6.3818381, 5.2423614 ], [ 6.3817193, 5.24445 ] ] } },
{ "type": "Feature", "properties": { "road_id": "w937783313", "road_group": "local", "highway": "residential", "name": null, "length_km": 0.287, "source_class": "OSM contextual transport network" }, "geometry": { "type": "LineString", "coordinates": [ [ 6.3841782, 5.2421949 ], [ 6.3839615, 5.2447637 ] ] } },
{ "type": "Feature", "properties": { "road_id": "w937783314", "road_group": "local", "highway": "residential", "name": null, "length_km": 0.084, "source_class": "OSM contextual transport network" }, "geometry": { "type": "LineString", "coordinates": [ [ 6.3796304, 5.2447845 ], [ 6.3797182, 5.2455344 ] ] } },
{ "type": "Feature", "properties": { "road_id": "w937783315", "road_group": "local", "highway": "residential", "name": null, "length_km": 0.067, "source_class": "OSM contextual transport network" }, "geometry": { "type": "LineString", "coordinates": [ [ 6.3793559, 5.2442201 ], [ 6.3794774, 5.2448094 ] ] } },
{ "type": "Feature", "properties": { "road_id": "w937783332", "road_group": "local", "highway": "residential", "name": null, "length_km": 0.105, "source_class": "OSM contextual transport network" }, "geometry": { "type": "LineString", "coordinates": [ [ 6.3883634, 5.2442637 ], [ 6.3883328, 5.2452042 ] ] } },
{ "type": "Feature", "properties": { "road_id": "w937783333", "road_group": "local", "highway": "residential", "name": null, "length_km": 0.261, "source_class": "OSM contextual transport network" }, "geometry": { "type": "LineString", "coordinates": [ [ 6.3898662, 5.2455558 ], [ 6.39024, 5.2447511 ], [ 6.3899321, 5.2445679 ], [ 6.3904559, 5.2435987 ] ] } },
{ "type": "Feature", "properties": { "road_id": "w937783334", "road_group": "local", "highway": "residential", "name": null, "length_km": 0.206, "source_class": "OSM contextual transport network" }, "geometry": { "type": "LineString", "coordinates": [ [ 6.3867583, 5.2454742 ], [ 6.386956, 5.2448794 ], [ 6.3877682, 5.2439575 ] ] } },
{ "type": "Feature", "properties": { "road_id": "w937783335", "road_group": "local", "highway": "residential", "name": null, "length_km": 0.102, "source_class": "OSM contextual transport network" }, "geometry": { "type": "LineString", "coordinates": [ [ 6.3879044, 5.2451061 ], [ 6.3882348, 5.2442469 ] ] } },
{ "type": "Feature", "properties": { "road_id": "w942739128", "road_group": "local", "highway": "unclassified", "name": null, "length_km": 2.083, "source_class": "OSM contextual transport network" }, "geometry": { "type": "LineString", "coordinates": [ [ 6.407228, 5.2573664 ], [ 6.4256987, 5.2607849 ] ] } },
{ "type": "Feature", "properties": { "road_id": "w942739129", "road_group": "local", "highway": "unclassified", "name": null, "length_km": 0.019, "source_class": "OSM contextual transport network" }, "geometry": { "type": "LineString", "coordinates": [ [ 6.4256987, 5.2607849 ], [ 6.4258685, 5.2608166 ] ] } },
{ "type": "Feature", "properties": { "road_id": "w949198459", "road_group": "local", "highway": "unclassified", "name": null, "length_km": 0.886, "source_class": "OSM contextual transport network" }, "geometry": { "type": "LineString", "coordinates": [ [ 6.4258685, 5.2608166 ], [ 6.4337285, 5.2622479 ] ] } },
{ "type": "Feature", "properties": { "road_id": "w949198460", "road_group": "local", "highway": "unclassified", "name": null, "length_km": 0.01, "source_class": "OSM contextual transport network" }, "geometry": { "type": "LineString", "coordinates": [ [ 6.4406265, 5.2617238 ], [ 6.4407165, 5.2617016 ] ] } },
{ "type": "Feature", "properties": { "road_id": "w949198461", "road_group": "local", "highway": "unclassified", "name": null, "length_km": 0.086, "source_class": "OSM contextual transport network" }, "geometry": { "type": "LineString", "coordinates": [ [ 6.4407165, 5.2617016 ], [ 6.4414663, 5.2614982 ] ] } },
{ "type": "Feature", "properties": { "road_id": "w949198462", "road_group": "local", "highway": "unclassified", "name": null, "length_km": 0.012, "source_class": "OSM contextual transport network" }, "geometry": { "type": "LineString", "coordinates": [ [ 6.4414663, 5.2614982 ], [ 6.4415752, 5.2614712 ] ] } },
{ "type": "Feature", "properties": { "road_id": "w949198463", "road_group": "local", "highway": "unclassified", "name": null, "length_km": 0.771, "source_class": "OSM contextual transport network" }, "geometry": { "type": "LineString", "coordinates": [ [ 6.4338502, 5.2622698 ], [ 6.4367042, 5.2627448 ], [ 6.4406265, 5.2617238 ] ] } },
{ "type": "Feature", "properties": { "road_id": "w949198464", "road_group": "local", "highway": "unclassified", "name": null, "length_km": 0.014, "source_class": "OSM contextual transport network" }, "geometry": { "type": "LineString", "coordinates": [ [ 6.4337285, 5.2622479 ], [ 6.4338502, 5.2622698 ] ] } },
{ "type": "Feature", "properties": { "road_id": "w949198465", "road_group": "local", "highway": "residential", "name": null, "length_km": 0.14, "source_class": "OSM contextual transport network" }, "geometry": { "type": "LineString", "coordinates": [ [ 6.4315695, 5.261861 ], [ 6.4318315, 5.2606465 ] ] } },
{ "type": "Feature", "properties": { "road_id": "w949198467", "road_group": "local", "highway": "residential", "name": null, "length_km": 0.084, "source_class": "OSM contextual transport network" }, "geometry": { "type": "LineString", "coordinates": [ [ 6.4317921, 5.2608625 ], [ 6.4325354, 5.2609853 ] ] } },
{ "type": "Feature", "properties": { "road_id": "w949207690", "road_group": "local", "highway": "unclassified", "name": null, "length_km": 9.156, "source_class": "OSM contextual transport network" }, "geometry": { "type": "LineString", "coordinates": [ [ 6.4247783, 5.2652745 ], [ 6.4270575, 5.2715599 ], [ 6.4275135, 5.2730694 ], [ 6.4279427, 5.2753531 ], [ 6.4280877, 5.2776821 ], [ 6.4277421, 5.2890767 ], [ 6.4279768, 5.2908289 ], [ 6.4285341, 5.2920785 ], [ 6.4314583, 5.2970602 ], [ 6.4343833, 5.3040285 ], [ 6.4347994, 5.3048645 ], [ 6.4351021, 5.3052294 ], [ 6.4357244, 5.305849 ], [ 6.4364754, 5.3063831 ], [ 6.4374195, 5.306725 ], [ 6.4382296, 5.3068594 ], [ 6.4553487, 5.3061794 ], [ 6.4566108, 5.306262 ], [ 6.4619027, 5.3059131 ], [ 6.4628898, 5.3059707 ], [ 6.4646737, 5.3064124 ], [ 6.4655517, 5.3068728 ], [ 6.4656264, 5.30857 ], [ 6.4662569, 5.3104347 ], [ 6.4666211, 5.3109276 ], [ 6.4666958, 5.311453 ], [ 6.4672329, 5.3119413 ], [ 6.4677578, 5.3127696 ], [ 6.4691936, 5.3137728 ], [ 6.4693415, 5.3141716 ], [ 6.469702, 5.3145673 ] ] } },
{ "type": "Feature", "properties": { "road_id": "w949207691", "road_group": "local", "highway": "tertiary", "name": null, "length_km": 4.241, "source_class": "OSM contextual transport network" }, "geometry": { "type": "LineString", "coordinates": [ [ 6.3787736, 5.2065718 ], [ 6.3803342, 5.2311513 ], [ 6.3806173, 5.2328713 ], [ 6.3811694, 5.2345207 ], [ 6.38158, 5.235282 ], [ 6.3823898, 5.2365579 ], [ 6.3831231, 5.2373896 ], [ 6.3842627, 5.2383553 ], [ 6.3854023, 5.2390813 ], [ 6.3860606, 5.2394267 ], [ 6.388993, 5.2404981 ] ] } },
{ "type": "Feature", "properties": { "road_id": "w949207712", "road_group": "local", "highway": "residential", "name": null, "length_km": 0.199, "source_class": "OSM contextual transport network" }, "geometry": { "type": "LineString", "coordinates": [ [ 6.4550827, 5.3149681 ], [ 6.4552951, 5.3145105 ], [ 6.4552334, 5.3135288 ], [ 6.4553285, 5.3132421 ] ] } },
{ "type": "Feature", "properties": { "road_id": "w949698738", "road_group": "local", "highway": "residential", "name": null, "length_km": 0.201, "source_class": "OSM contextual transport network" }, "geometry": { "type": "LineString", "coordinates": [ [ 6.4253954, 5.3009173 ], [ 6.425682, 5.3014071 ], [ 6.4257316, 5.3019181 ], [ 6.4262586, 5.3023972 ] ] } },
{ "type": "Feature", "properties": { "road_id": "w949698739", "road_group": "local", "highway": "residential", "name": null, "length_km": 0.113, "source_class": "OSM contextual transport network" }, "geometry": { "type": "LineString", "coordinates": [ [ 6.4247087, 5.3016542 ], [ 6.4257033, 5.3014952 ] ] } },
{ "type": "Feature", "properties": { "road_id": "w949698740", "road_group": "local", "highway": "residential", "name": null, "length_km": 0.072, "source_class": "OSM contextual transport network" }, "geometry": { "type": "LineString", "coordinates": [ [ 6.4251747, 5.3022565 ], [ 6.4257316, 5.3019181 ] ] } },
{ "type": "Feature", "properties": { "road_id": "w949698743", "road_group": "local", "highway": "residential", "name": null, "length_km": 0.098, "source_class": "OSM contextual transport network" }, "geometry": { "type": "LineString", "coordinates": [ [ 6.4417731, 5.3076451 ], [ 6.4416332, 5.3067795 ] ] } },
{ "type": "Feature", "properties": { "road_id": "w949698744", "road_group": "local", "highway": "residential", "name": null, "length_km": 0.135, "source_class": "OSM contextual transport network" }, "geometry": { "type": "LineString", "coordinates": [ [ 6.42631, 5.3032037 ], [ 6.4260629, 5.3035141 ], [ 6.4258069, 5.303431 ], [ 6.4257069, 5.3032342 ], [ 6.4257492, 5.3029085 ] ] } },
{ "type": "Feature", "properties": { "road_id": "w949850850", "road_group": "local", "highway": "residential", "name": null, "length_km": 0.111, "source_class": "OSM contextual transport network" }, "geometry": { "type": "LineString", "coordinates": [ [ 6.4359619, 5.3091797 ], [ 6.436697315887256, 5.30986338054059 ] ] } },
{ "type": "Feature", "properties": { "road_id": "w949856981", "road_group": "local", "highway": "service", "name": null, "length_km": 0.132, "source_class": "OSM contextual transport network" }, "geometry": { "type": "LineString", "coordinates": [ [ 6.4460175, 5.2635501 ], [ 6.4458016, 5.2631652 ], [ 6.4459325, 5.2624618 ] ] } },
{ "type": "Feature", "properties": { "road_id": "w953743541", "road_group": "local", "highway": "residential", "name": null, "length_km": 0.943, "source_class": "OSM contextual transport network" }, "geometry": { "type": "LineString", "coordinates": [ [ 6.5164762, 5.3571597 ], [ 6.516159, 5.3556338 ], [ 6.5146098, 5.351109 ], [ 6.5150417, 5.3508865 ], [ 6.5160496, 5.3506687 ], [ 6.5165839, 5.3509691 ] ] } },
{ "type": "Feature", "properties": { "road_id": "w953743542", "road_group": "local", "highway": "residential", "name": null, "length_km": 0.178, "source_class": "OSM contextual transport network" }, "geometry": { "type": "LineString", "coordinates": [ [ 6.5156105, 5.3540823 ], [ 6.516439, 5.3541578 ], [ 6.5171173, 5.3545351 ] ] } },
{ "type": "Feature", "properties": { "road_id": "w953743543", "road_group": "local", "highway": "residential", "name": null, "length_km": 0.093, "source_class": "OSM contextual transport network" }, "geometry": { "type": "LineString", "coordinates": [ [ 6.5170935, 5.3543807 ], [ 6.5179029, 5.3543058 ] ] } },
{ "type": "Feature", "properties": { "road_id": "w953743544", "road_group": "local", "highway": "residential", "name": null, "length_km": 0.255, "source_class": "OSM contextual transport network" }, "geometry": { "type": "LineString", "coordinates": [ [ 6.5156109, 5.3525758 ], [ 6.5158271, 5.3533448 ], [ 6.516125, 5.3534544 ], [ 6.5163921, 5.3537456 ], [ 6.5165943, 5.354495 ] ] } },
{ "type": "Feature", "properties": { "road_id": "w953743545", "road_group": "local", "highway": "residential", "name": null, "length_km": 0.115, "source_class": "OSM contextual transport network" }, "geometry": { "type": "LineString", "coordinates": [ [ 6.5151843, 5.3528333 ], [ 6.5156901, 5.3525122 ], [ 6.5158886, 5.3521618 ] ] } },
{ "type": "Feature", "properties": { "road_id": "w1051919404", "road_group": "local", "highway": "residential", "name": null, "length_km": 0.057, "source_class": "OSM contextual transport network" }, "geometry": { "type": "LineString", "coordinates": [ [ 6.3865638, 5.2459501 ], [ 6.3866851, 5.2454487 ] ] } },
{ "type": "Feature", "properties": { "road_id": "w1059695283", "road_group": "local", "highway": "service", "name": null, "length_km": 0.037, "source_class": "OSM contextual transport network" }, "geometry": { "type": "LineString", "coordinates": [ [ 6.1668615, 5.1244947 ], [ 6.1671915, 5.1244986 ] ] } },
{ "type": "Feature", "properties": { "road_id": "w1059695286", "road_group": "local", "highway": "residential", "name": null, "length_km": 0.123, "source_class": "OSM contextual transport network" }, "geometry": { "type": "LineString", "coordinates": [ [ 6.1260046, 5.0687674 ], [ 6.1270081, 5.0682891 ] ] } },
{ "type": "Feature", "properties": { "road_id": "w1059695287", "road_group": "local", "highway": "residential", "name": null, "length_km": 0.107, "source_class": "OSM contextual transport network" }, "geometry": { "type": "LineString", "coordinates": [ [ 6.1248792, 5.0644546 ], [ 6.1256365, 5.0638601 ] ] } },
{ "type": "Feature", "properties": { "road_id": "w1059695288", "road_group": "local", "highway": "residential", "name": null, "length_km": 0.103, "source_class": "OSM contextual transport network" }, "geometry": { "type": "LineString", "coordinates": [ [ 6.1248579, 5.0627319 ], [ 6.1247234, 5.0629999 ], [ 6.124223, 5.0633855 ] ] } },
{ "type": "Feature", "properties": { "road_id": "w1059695289", "road_group": "local", "highway": "residential", "name": null, "length_km": 0.158, "source_class": "OSM contextual transport network" }, "geometry": { "type": "LineString", "coordinates": [ [ 6.1260088, 5.0668368 ], [ 6.1271513, 5.0659964 ] ] } },
{ "type": "Feature", "properties": { "road_id": "w1059695291", "road_group": "local", "highway": "service", "name": null, "length_km": 0.029, "source_class": "OSM contextual transport network" }, "geometry": { "type": "LineString", "coordinates": [ [ 6.0874477, 5.0444159 ], [ 6.087699, 5.0443616 ] ] } },
{ "type": "Feature", "properties": { "road_id": "w1059805564", "road_group": "local", "highway": "service", "name": null, "length_km": 0.023, "source_class": "OSM contextual transport network" }, "geometry": { "type": "LineString", "coordinates": [ [ 6.0394483, 4.8747158 ], [ 6.0395441, 4.8748967 ] ] } },
{ "type": "Feature", "properties": { "road_id": "w1059805565", "road_group": "local", "highway": "service", "name": null, "length_km": 0.036, "source_class": "OSM contextual transport network" }, "geometry": { "type": "LineString", "coordinates": [ [ 6.0599735, 4.9232003 ], [ 6.0601155, 4.9232129 ], [ 6.0601686, 4.9230472 ] ] } },
{ "type": "Feature", "properties": { "road_id": "w1449592272", "road_group": "local", "highway": "residential", "name": null, "length_km": 0.122, "source_class": "OSM contextual transport network" }, "geometry": { "type": "LineString", "coordinates": [ [ 6.2080068, 5.1959752 ], [ 6.2081042, 5.19643 ], [ 6.2074903, 5.1965022 ] ] } },
{ "type": "Feature", "properties": { "road_id": "w1499319055", "road_group": "local", "highway": "residential", "name": null, "length_km": 0.473, "source_class": "OSM contextual transport network" }, "geometry": { "type": "LineString", "coordinates": [ [ 6.0703311, 5.0985639 ], [ 6.0728833, 5.1019859 ] ] } },
{ "type": "Feature", "properties": { "road_id": "w1499319056", "road_group": "local", "highway": "residential", "name": null, "length_km": 0.245, "source_class": "OSM contextual transport network" }, "geometry": { "type": "LineString", "coordinates": [ [ 6.0686691, 5.1000213 ], [ 6.0703311, 5.0985639 ] ] } },
{ "type": "Feature", "properties": { "road_id": "w1499322273", "road_group": "local", "highway": "service", "name": null, "length_km": 0.095, "source_class": "OSM contextual transport network" }, "geometry": { "type": "LineString", "coordinates": [ [ 6.0685215, 5.1015526 ], [ 6.0688224, 5.101831 ], [ 6.0692596, 5.1018216 ] ] } },
{ "type": "Feature", "properties": { "road_id": "w1499322274", "road_group": "local", "highway": "residential", "name": null, "length_km": 0.423, "source_class": "OSM contextual transport network" }, "geometry": { "type": "LineString", "coordinates": [ [ 6.0657822, 5.1031788 ], [ 6.0671474, 5.1024655 ], [ 6.0690584, 5.1012339 ] ] } },
{ "type": "Feature", "properties": { "road_id": "w1499588718", "road_group": "local", "highway": "service", "name": null, "length_km": 0.093, "source_class": "OSM contextual transport network" }, "geometry": { "type": "LineString", "coordinates": [ [ 6.1059668, 4.9952402 ], [ 6.1065316, 4.9958646 ] ] } },
{ "type": "Feature", "properties": { "road_id": "w1499588719", "road_group": "local", "highway": "service", "name": null, "length_km": 0.189, "source_class": "OSM contextual transport network" }, "geometry": { "type": "LineString", "coordinates": [ [ 6.1069999, 4.9928782 ], [ 6.1063331, 4.992375 ], [ 6.1059681, 4.9915868 ] ] } },
{ "type": "Feature", "properties": { "road_id": "w1499588720", "road_group": "local", "highway": "service", "name": null, "length_km": 0.223, "source_class": "OSM contextual transport network" }, "geometry": { "type": "LineString", "coordinates": [ [ 6.1074482, 4.9912057 ], [ 6.1066649, 4.9893472 ] ] } },
{ "type": "Feature", "properties": { "road_id": "w1499588721", "road_group": "local", "highway": "residential", "name": "University Road", "length_km": 0.876, "source_class": "OSM contextual transport network" }, "geometry": { "type": "LineString", "coordinates": [ [ 6.1090223, 4.9908295 ], [ 6.1121494, 4.9893251 ], [ 6.1153201, 4.9862468 ] ] } },
{ "type": "Feature", "properties": { "road_id": "w1499588722", "road_group": "local", "highway": "residential", "name": "University Road", "length_km": 1.604, "source_class": "OSM contextual transport network" }, "geometry": { "type": "LineString", "coordinates": [ [ 6.100974042411525, 4.982920583238583 ], [ 6.100702, 4.9853612 ], [ 6.1007099, 4.9867931 ], [ 6.1010307, 4.987779 ], [ 6.1019162, 4.9889059 ], [ 6.1042843, 4.9909751 ], [ 6.1051896, 4.9914816 ], [ 6.1061528, 4.9914949 ], [ 6.1090223, 4.9908295 ] ] } },
{ "type": "Feature", "properties": { "road_id": "w1499588723", "road_group": "local", "highway": "residential", "name": "University Road", "length_km": 0.877, "source_class": "OSM contextual transport network" }, "geometry": { "type": "LineString", "coordinates": [ [ 6.1154087, 4.9863602 ], [ 6.1121998, 4.9893863 ], [ 6.1090553, 4.9909078 ] ] } },
{ "type": "Feature", "properties": { "road_id": "w377445932", "road_group": "track_path", "highway": "track", "name": null, "length_km": 4.752, "source_class": "OSM contextual transport network" }, "geometry": { "type": "LineString", "coordinates": [ [ 6.4583334, 5.2710121 ], [ 6.4593082, 5.2703316 ], [ 6.4609054, 5.2724287 ], [ 6.4613142, 5.2723708 ], [ 6.461624, 5.2724696 ], [ 6.4626112, 5.2731935 ], [ 6.4648755, 5.2737102 ], [ 6.467287, 5.2759583 ], [ 6.4676585, 5.2761052 ], [ 6.4706548, 5.2764832 ], [ 6.4708884, 5.2764093 ], [ 6.4724176, 5.2751625 ], [ 6.4763991, 5.2758094 ], [ 6.4782041, 5.275287 ], [ 6.481399, 5.2705806 ], [ 6.4832975, 5.2683353 ], [ 6.489128314501865, 5.258704131567765 ] ] } },
{ "type": "Feature", "properties": { "road_id": "w377445940", "road_group": "track_path", "highway": "track", "name": null, "length_km": 2.137, "source_class": "OSM contextual transport network" }, "geometry": { "type": "LineString", "coordinates": [ [ 6.3945608, 5.2463015 ], [ 6.3964861, 5.2468873 ], [ 6.397848, 5.2474443 ], [ 6.4014122, 5.2505257 ], [ 6.4032146, 5.2518206 ], [ 6.4054886, 5.2532893 ], [ 6.4062553, 5.2536922 ], [ 6.4069999, 5.2539259 ], [ 6.4082998, 5.2552454 ], [ 6.4091376, 5.2568291 ], [ 6.4090097, 5.2576779 ] ] } },
{ "type": "Feature", "properties": { "road_id": "w819780928", "road_group": "track_path", "highway": "track", "name": null, "length_km": 0.652, "source_class": "OSM contextual transport network" }, "geometry": { "type": "LineString", "coordinates": [ [ 6.0003734, 4.9126493 ], [ 5.9984047, 4.9125906 ], [ 5.994554257515507, 4.911962787304346 ] ] } },
{ "type": "Feature", "properties": { "road_id": "w828236788", "road_group": "track_path", "highway": "track", "name": null, "length_km": 1.513, "source_class": "OSM contextual transport network" }, "geometry": { "type": "LineString", "coordinates": [ [ 6.0593788, 4.9332441 ], [ 6.0597482, 4.9333936 ], [ 6.0604563, 4.9352214 ], [ 6.060982, 4.936114 ], [ 6.0622748, 4.9375356 ], [ 6.0624411, 4.9380594 ], [ 6.0633316, 4.9388236 ], [ 6.0641202, 4.9392672 ], [ 6.0661158, 4.9393741 ], [ 6.0670223, 4.9396467 ], [ 6.067532, 4.9396413 ], [ 6.0684976, 4.9392084 ], [ 6.069595464015237, 4.939054719562471 ] ] } },
{ "type": "Feature", "properties": { "road_id": "w828236789", "road_group": "track_path", "highway": "track", "name": null, "length_km": 0.314, "source_class": "OSM contextual transport network" }, "geometry": { "type": "LineString", "coordinates": [ [ 6.0672442, 4.9420698 ], [ 6.0674374, 4.9419175 ], [ 6.0681187, 4.9407845 ], [ 6.0677519, 4.9395879 ] ] } },
{ "type": "Feature", "properties": { "road_id": "w832176023", "road_group": "track_path", "highway": "track", "name": null, "length_km": 1.431, "source_class": "OSM contextual transport network" }, "geometry": { "type": "LineString", "coordinates": [ [ 6.4171345, 5.2728745 ], [ 6.4169667, 5.2710454 ], [ 6.4171983, 5.2704435 ], [ 6.417127, 5.26864 ], [ 6.4181104, 5.2673827 ], [ 6.4246015, 5.2648507 ] ] } },
{ "type": "Feature", "properties": { "road_id": "w832569470", "road_group": "track_path", "highway": "track", "name": null, "length_km": 1.08, "source_class": "OSM contextual transport network" }, "geometry": { "type": "LineString", "coordinates": [ [ 6.5101437, 5.3034155 ], [ 6.5107495, 5.3030945 ], [ 6.5114436, 5.3031194 ], [ 6.5120049, 5.3030014 ], [ 6.5140548, 5.3021764 ], [ 6.5144654, 5.3017112 ], [ 6.5147768, 5.3011332 ], [ 6.5151889, 5.2999842 ], [ 6.516286, 5.2982687 ], [ 6.516650330749052, 5.297318240142087 ] ] } },
{ "type": "Feature", "properties": { "road_id": "w840547967", "road_group": "track_path", "highway": "track", "name": null, "length_km": 1.306, "source_class": "OSM contextual transport network" }, "geometry": { "type": "LineString", "coordinates": [ [ 5.974830608168157, 4.998650435490556 ], [ 5.9765702, 4.9998232 ], [ 5.9776272, 5.0009086 ], [ 5.9793266, 5.0030308 ], [ 5.9798063, 5.0040595 ], [ 5.9804243, 5.0069269 ], [ 5.9811194, 5.0081181 ] ] } },
{ "type": "Feature", "properties": { "road_id": "w840644859", "road_group": "track_path", "highway": "track", "name": null, "length_km": 1.043, "source_class": "OSM contextual transport network" }, "geometry": { "type": "LineString", "coordinates": [ [ 6.0264975, 4.9673725 ], [ 6.0275512, 4.9662491 ], [ 6.0279333, 4.9653835 ], [ 6.028266, 4.9640268 ], [ 6.0285741, 4.9634988 ], [ 6.0292397, 4.9629034 ], [ 6.0302009, 4.9622956 ], [ 6.0305029, 4.9617492 ], [ 6.0310883, 4.9613932 ], [ 6.0318092, 4.961252 ], [ 6.0326411, 4.9612949 ] ] } },
{ "type": "Feature", "properties": { "road_id": "w840644864", "road_group": "track_path", "highway": "track", "name": null, "length_km": 0.832, "source_class": "OSM contextual transport network" }, "geometry": { "type": "LineString", "coordinates": [ [ 6.0205677, 4.9753933 ], [ 6.0215587, 4.9741804 ], [ 6.0223869, 4.9735528 ], [ 6.0231584, 4.9717616 ], [ 6.0245505, 4.9699944 ], [ 6.0247544, 4.9700319 ], [ 6.0249523, 4.9704595 ] ] } },
{ "type": "Feature", "properties": { "road_id": "w840854459", "road_group": "track_path", "highway": "path", "name": null, "length_km": 0.307, "source_class": "OSM contextual transport network" }, "geometry": { "type": "LineString", "coordinates": [ [ 6.0413716, 4.8856897 ], [ 6.0389524, 4.8843531 ] ] } },
{ "type": "Feature", "properties": { "road_id": "w840854471", "road_group": "track_path", "highway": "path", "name": null, "length_km": 0.894, "source_class": "OSM contextual transport network" }, "geometry": { "type": "LineString", "coordinates": [ [ 6.0512332, 4.8915065 ], [ 6.0503478, 4.8924554 ], [ 6.0484162, 4.8936636 ], [ 6.0476972, 4.8939149 ], [ 6.046227, 4.8941608 ], [ 6.0453202, 4.8947756 ], [ 6.0448802, 4.8949387 ], [ 6.0444296, 4.8953649 ] ] } },
{ "type": "Feature", "properties": { "road_id": "w840854472", "road_group": "track_path", "highway": "path", "name": null, "length_km": 0.225, "source_class": "OSM contextual transport network" }, "geometry": { "type": "LineString", "coordinates": [ [ 6.0431097, 4.8941423 ], [ 6.0436917, 4.8938748 ], [ 6.0450358, 4.8941421 ] ] } },
{ "type": "Feature", "properties": { "road_id": "w899513704", "road_group": "track_path", "highway": "track", "name": null, "length_km": 0.5, "source_class": "OSM contextual transport network" }, "geometry": { "type": "LineString", "coordinates": [ [ 5.9794633, 5.1210167 ], [ 5.980032, 5.121677 ], [ 5.9831703, 5.1235143 ] ] } },
{ "type": "Feature", "properties": { "road_id": "w899513710", "road_group": "track_path", "highway": "track", "name": null, "length_km": 0.502, "source_class": "OSM contextual transport network" }, "geometry": { "type": "LineString", "coordinates": [ [ 5.9791894, 5.1212902 ], [ 5.9808627, 5.1234321 ], [ 5.9821439, 5.1247081 ] ] } },
{ "type": "Feature", "properties": { "road_id": "w900825131", "road_group": "track_path", "highway": "track", "name": null, "length_km": 1.437, "source_class": "OSM contextual transport network" }, "geometry": { "type": "LineString", "coordinates": [ [ 6.1174092, 5.0136484 ], [ 6.1180511, 5.011465 ], [ 6.1181148, 5.0091592 ], [ 6.1180369, 5.0082778 ], [ 6.1181644, 5.0079393 ], [ 6.1181785, 5.0068675 ], [ 6.1187448, 5.0056335 ], [ 6.1189217, 5.0047239 ], [ 6.1188934, 5.0042162 ], [ 6.118497, 5.0036732 ], [ 6.1181502, 5.0027565 ], [ 6.1181007, 5.0018539 ], [ 6.1182705, 5.00117 ] ] } },
{ "type": "Feature", "properties": { "road_id": "w901730322", "road_group": "track_path", "highway": "track", "name": null, "length_km": 0.611, "source_class": "OSM contextual transport network" }, "geometry": { "type": "LineString", "coordinates": [ [ 6.1056301, 4.9802494 ], [ 6.1069331, 4.9804076 ], [ 6.1080725, 4.9800772 ], [ 6.1093148, 4.9806448 ], [ 6.1105897, 4.980575 ], [ 6.110875, 4.980414 ] ] } },
{ "type": "Feature", "properties": { "road_id": "w903185903", "road_group": "track_path", "highway": "track", "name": null, "length_km": 2.228, "source_class": "OSM contextual transport network" }, "geometry": { "type": "LineString", "coordinates": [ [ 6.0450856, 5.086066 ], [ 6.0453408, 5.085305 ], [ 6.0461419, 5.0843659 ], [ 6.047362, 5.0838073 ], [ 6.0474914, 5.0834943 ], [ 6.0476454, 5.0818555 ], [ 6.0481384, 5.0814565 ], [ 6.0483232, 5.0811558 ], [ 6.0489333, 5.0797257 ], [ 6.0489456, 5.0792408 ], [ 6.0487423, 5.0788909 ], [ 6.0486745, 5.0780623 ], [ 6.0482924, 5.0775283 ], [ 6.047707, 5.0760736 ], [ 6.0477563, 5.0746987 ], [ 6.0479535, 5.0740604 ], [ 6.0479597, 5.0729003 ], [ 6.0483849, 5.0725872 ], [ 6.0496912, 5.0725934 ], [ 6.0502951, 5.072311 ], [ 6.0507511, 5.0715868 ], [ 6.0509791, 5.0706415 ], [ 6.0514413, 5.070218 ] ] } },
{ "type": "Feature", "properties": { "road_id": "w903936226", "road_group": "track_path", "highway": "track", "name": null, "length_km": 1.602, "source_class": "OSM contextual transport network" }, "geometry": { "type": "LineString", "coordinates": [ [ 6.2843958, 5.2381427 ], [ 6.2850829, 5.2393514 ], [ 6.2859209, 5.2412659 ], [ 6.2863916, 5.2419101 ], [ 6.2865597, 5.2423658 ], [ 6.2870874, 5.2429146 ], [ 6.288605, 5.2417506 ], [ 6.288988, 5.2416111 ], [ 6.2889859, 5.241253 ], [ 6.2893186, 5.2404987 ], [ 6.2894956, 5.2393216 ], [ 6.2890921, 5.2387577 ], [ 6.2883913, 5.2368968 ], [ 6.287634, 5.2369884 ], [ 6.2870486, 5.2373627 ] ] } },
{ "type": "Feature", "properties": { "road_id": "w903936227", "road_group": "track_path", "highway": "track", "name": null, "length_km": 0.206, "source_class": "OSM contextual transport network" }, "geometry": { "type": "LineString", "coordinates": [ [ 6.286946, 5.2354273 ], [ 6.2873943, 5.2357436 ], [ 6.2874084, 5.2362086 ], [ 6.2877083, 5.2369838 ] ] } },
{ "type": "Feature", "properties": { "road_id": "w903936228", "road_group": "track_path", "highway": "track", "name": null, "length_km": 0.568, "source_class": "OSM contextual transport network" }, "geometry": { "type": "LineString", "coordinates": [ [ 6.283453, 5.2390067 ], [ 6.2844924, 5.2380356 ], [ 6.2847611, 5.2374648 ], [ 6.2853427, 5.2370458 ], [ 6.2858791, 5.2368214 ], [ 6.28626, 5.2369443 ], [ 6.287455, 5.2363425 ] ] } },
{ "type": "Feature", "properties": { "road_id": "w903943124", "road_group": "track_path", "highway": "track", "name": null, "length_km": 6.371, "source_class": "OSM contextual transport network" }, "geometry": { "type": "LineString", "coordinates": [ [ 6.320017, 5.2651508 ], [ 6.3213137, 5.2650828 ], [ 6.3214682, 5.2651273 ], [ 6.3219317, 5.2656901 ], [ 6.3225455, 5.2655119 ], [ 6.3234074, 5.2655686 ], [ 6.3256028, 5.2659411 ], [ 6.3263061, 5.2662123 ], [ 6.32779, 5.2662204 ], [ 6.3286763, 5.2669329 ], [ 6.3308716, 5.267779 ], [ 6.3315384, 5.2684348 ], [ 6.3321726, 5.2686534 ], [ 6.3350021, 5.2688558 ], [ 6.3366812, 5.2691473 ], [ 6.3376854, 5.2691352 ], [ 6.3379374, 5.2696857 ], [ 6.3392236, 5.2704398 ], [ 6.3399008, 5.2714741 ], [ 6.3405594, 5.2715996 ], [ 6.340783, 5.2717858 ], [ 6.340787, 5.2719518 ], [ 6.3406366, 5.2721016 ], [ 6.3388425, 5.2729303 ], [ 6.3389128, 5.2743543 ], [ 6.3394578, 5.2771384 ], [ 6.3394862, 5.2792529 ], [ 6.3396773, 5.2803172 ], [ 6.3404842, 5.2828335 ], [ 6.3410717, 5.2834397 ], [ 6.3412345, 5.2842009 ], [ 6.3414469, 5.2845251 ], [ 6.3416946, 5.2864563 ], [ 6.3421972, 5.287725 ], [ 6.342183, 5.2883946 ], [ 6.3424166, 5.2890642 ], [ 6.3422821, 5.2895646 ], [ 6.3423317, 5.2900439 ], [ 6.3426644, 5.2911505 ], [ 6.3429121, 5.2915945 ], [ 6.3450356, 5.2932226 ], [ 6.3453895, 5.2939698 ], [ 6.3454674, 5.2946887 ], [ 6.3453117, 5.2972331 ], [ 6.3449153, 5.2985581 ], [ 6.344795, 5.2998832 ], [ 6.3444269, 5.3009968 ], [ 6.3432337, 5.3021784 ] ] } },
{ "type": "Feature", "properties": { "road_id": "w904457961", "road_group": "track_path", "highway": "track", "name": null, "length_km": 1.839, "source_class": "OSM contextual transport network" }, "geometry": { "type": "LineString", "coordinates": [ [ 6.4902949, 5.31236 ], [ 6.4899208, 5.3131129 ], [ 6.4896119, 5.3134206 ], [ 6.4894962, 5.3139332 ], [ 6.4889909, 5.3139955 ], [ 6.4857737, 5.3138114 ], [ 6.4790092, 5.3147462 ], [ 6.4783708, 5.3150399 ], [ 6.4767239, 5.3153871 ], [ 6.4752183, 5.3163791 ] ] } },
{ "type": "Feature", "properties": { "road_id": "w926624015", "road_group": "track_path", "highway": "track", "name": null, "length_km": 0.515, "source_class": "OSM contextual transport network" }, "geometry": { "type": "LineString", "coordinates": [ [ 6.2385902, 5.221408 ], [ 6.2390031, 5.2219603 ], [ 6.239151, 5.2224635 ], [ 6.239077, 5.223298 ], [ 6.2394344, 5.2246481 ], [ 6.239367232144737, 5.225812196956468 ] ] } },
{ "type": "Feature", "properties": { "road_id": "w926624042", "road_group": "track_path", "highway": "path", "name": null, "length_km": 0.209, "source_class": "OSM contextual transport network" }, "geometry": { "type": "LineString", "coordinates": [ [ 6.2193464, 5.2319429 ], [ 6.2188071, 5.2301342 ] ] } },
{ "type": "Feature", "properties": { "road_id": "w936525314", "road_group": "track_path", "highway": "track", "name": null, "length_km": 0.793, "source_class": "OSM contextual transport network" }, "geometry": { "type": "LineString", "coordinates": [ [ 6.3087922, 5.2631024 ], [ 6.3086974, 5.262242 ], [ 6.3088144, 5.2607448 ], [ 6.3090794, 5.2599348 ], [ 6.3093998, 5.2596034 ], [ 6.3094923, 5.2592107 ], [ 6.3093074, 5.2583578 ], [ 6.3088329, 5.2574496 ], [ 6.3085063, 5.2563267 ] ] } },
{ "type": "Feature", "properties": { "road_id": "w937403265", "road_group": "track_path", "highway": "track", "name": null, "length_km": 1.472, "source_class": "OSM contextual transport network" }, "geometry": { "type": "LineString", "coordinates": [ [ 6.3186909, 5.2779728 ], [ 6.3195297, 5.2793098 ], [ 6.319961, 5.2794325 ], [ 6.3203801, 5.2802731 ], [ 6.3210086, 5.2822796 ], [ 6.3210702, 5.284016 ], [ 6.320756, 5.28528 ], [ 6.3204787, 5.2857402 ], [ 6.3195605, 5.2868508 ], [ 6.3189196, 5.287219 ], [ 6.3182603, 5.28817 ], [ 6.3174082, 5.2890941 ] ] } },
{ "type": "Feature", "properties": { "road_id": "w937403266", "road_group": "track_path", "highway": "track", "name": null, "length_km": 2.518, "source_class": "OSM contextual transport network" }, "geometry": { "type": "LineString", "coordinates": [ [ 6.3212854, 5.2679846 ], [ 6.3213088, 5.2691553 ], [ 6.3208161, 5.2688856 ], [ 6.3202884, 5.2688135 ], [ 6.3195298, 5.2690341 ], [ 6.3193847, 5.2692139 ], [ 6.3195263, 5.2702676 ], [ 6.3194909, 5.2722165 ], [ 6.3194272, 5.27265 ], [ 6.319236, 5.273006 ], [ 6.3191759, 5.2739716 ], [ 6.3186662, 5.2753214 ], [ 6.3186909, 5.2779728 ], [ 6.3173165, 5.2833947 ], [ 6.3170645, 5.2840262 ], [ 6.3165278, 5.2865807 ], [ 6.3163042, 5.2869369 ], [ 6.3158611, 5.2873174 ], [ 6.3153975, 5.2875383 ] ] } },
{ "type": "Feature", "properties": { "road_id": "w937403267", "road_group": "track_path", "highway": "track", "name": null, "length_km": 2.846, "source_class": "OSM contextual transport network" }, "geometry": { "type": "LineString", "coordinates": [ [ 6.3423025, 5.2894788 ], [ 6.3414789, 5.2887646 ], [ 6.3411746, 5.2885884 ], [ 6.3404313, 5.2884334 ], [ 6.3396527, 5.2878484 ], [ 6.3383574, 5.2862836 ], [ 6.3380742, 5.2856986 ], [ 6.3362126, 5.2842044 ], [ 6.3338838, 5.2825974 ], [ 6.3334308, 5.2824212 ], [ 6.3323336, 5.2823648 ], [ 6.3305782, 5.2807155 ], [ 6.3294881, 5.2805534 ], [ 6.3289643, 5.2801728 ], [ 6.3284901, 5.2800318 ], [ 6.3279733, 5.2800036 ], [ 6.325956, 5.2795102 ], [ 6.3254393, 5.2795032 ], [ 6.3247456, 5.2795948 ], [ 6.3234715, 5.2800247 ], [ 6.322254, 5.2800811 ], [ 6.3212135, 5.2804406 ], [ 6.3205285, 5.2809014 ] ] } },
{ "type": "Feature", "properties": { "road_id": "w937403268", "road_group": "track_path", "highway": "track", "name": null, "length_km": 0.943, "source_class": "OSM contextual transport network" }, "geometry": { "type": "LineString", "coordinates": [ [ 6.3219112, 5.2926419 ], [ 6.3221695, 5.2917983 ], [ 6.3219987, 5.2912154 ], [ 6.3224134, 5.2908753 ], [ 6.3224947, 5.2904138 ], [ 6.321492, 5.2852959 ], [ 6.3211916, 5.2849647 ], [ 6.3208909, 5.2848408 ] ] } },
{ "type": "Feature", "properties": { "road_id": "w937783316", "road_group": "track_path", "highway": "track", "name": null, "length_km": 2.848, "source_class": "OSM contextual transport network" }, "geometry": { "type": "LineString", "coordinates": [ [ 6.3949844, 5.2479698 ], [ 6.3949498, 5.2475801 ], [ 6.3947102, 5.2475352 ], [ 6.3946939, 5.2473592 ], [ 6.3944426, 5.2471441 ], [ 6.3948115, 5.2447179 ], [ 6.3952367, 5.24423 ], [ 6.3959793, 5.2437545 ], [ 6.3969467, 5.2426843 ], [ 6.3986886, 5.2420007 ], [ 6.3999308, 5.2417402 ], [ 6.4007451, 5.2411986 ], [ 6.4011957, 5.2406484 ], [ 6.4013459, 5.2393396 ], [ 6.4017804, 5.2387467 ], [ 6.4023759, 5.237534 ], [ 6.4040066, 5.2363374 ], [ 6.4045806, 5.2357391 ], [ 6.4047255, 5.2353491 ], [ 6.4046343, 5.2340296 ], [ 6.4057394, 5.2323042 ], [ 6.405911, 5.2315082 ], [ 6.4057715, 5.2307656 ], [ 6.405793, 5.2301086 ], [ 6.4066298, 5.2284044 ] ] } },
{ "type": "Feature", "properties": { "road_id": "w938151528", "road_group": "track_path", "highway": "track", "name": null, "length_km": 2.522, "source_class": "OSM contextual transport network" }, "geometry": { "type": "LineString", "coordinates": [ [ 6.409904, 5.2840707 ], [ 6.4100088, 5.2851383 ], [ 6.4103107, 5.2858869 ], [ 6.4102738, 5.2863287 ], [ 6.4105757, 5.2865987 ], [ 6.4106558, 5.2870282 ], [ 6.4110564, 5.2900839 ], [ 6.4110872, 5.2912251 ], [ 6.4109454, 5.2920535 ], [ 6.411346, 5.2928634 ], [ 6.4113337, 5.2930781 ], [ 6.410816, 5.2937163 ], [ 6.4105387, 5.2938451 ], [ 6.4090167, 5.2939187 ], [ 6.4084683, 5.2944219 ], [ 6.4073406, 5.2949864 ], [ 6.4061205, 5.2948391 ], [ 6.4058186, 5.2948821 ], [ 6.4051931, 5.2952126 ], [ 6.4049343, 5.2957525 ], [ 6.4042811, 5.29609 ], [ 6.4041147, 5.2965502 ], [ 6.4033137, 5.2971024 ], [ 6.4026173, 5.2982989 ], [ 6.4027837, 5.2990597 ], [ 6.402512460551217, 5.300474879359003 ] ] } },
{ "type": "Feature", "properties": { "road_id": "w938151531", "road_group": "track_path", "highway": "track", "name": null, "length_km": 1.148, "source_class": "OSM contextual transport network" }, "geometry": { "type": "LineString", "coordinates": [ [ 6.3804608, 5.302458 ], [ 6.3804091, 5.3021632 ], [ 6.3807578, 5.3018213 ], [ 6.38079, 5.3015649 ], [ 6.3811816, 5.3009026 ], [ 6.381895, 5.2999732 ], [ 6.382351, 5.2995726 ], [ 6.382984, 5.2982746 ], [ 6.385103, 5.2969873 ], [ 6.3863314, 5.2967416 ], [ 6.3870342, 5.2953902 ] ] } },
{ "type": "Feature", "properties": { "road_id": "w938151532", "road_group": "track_path", "highway": "track", "name": null, "length_km": 0.067, "source_class": "OSM contextual transport network" }, "geometry": { "type": "LineString", "coordinates": [ [ 6.3802299, 5.3016586 ], [ 6.3804074, 5.3015329 ], [ 6.38079, 5.3015649 ] ] } },
{ "type": "Feature", "properties": { "road_id": "w938151533", "road_group": "track_path", "highway": "track", "name": null, "length_km": 0.883, "source_class": "OSM contextual transport network" }, "geometry": { "type": "LineString", "coordinates": [ [ 6.3788407, 5.3002538 ], [ 6.3791372, 5.3000263 ], [ 6.3788476, 5.2983635 ], [ 6.3789092, 5.2980383 ], [ 6.3800985, 5.2965105 ], [ 6.3801293, 5.2953631 ], [ 6.3805791, 5.2943139 ], [ 6.3804559, 5.2933444 ], [ 6.3806161, 5.2930499 ] ] } },
{ "type": "Feature", "properties": { "road_id": "w938151534", "road_group": "track_path", "highway": "track", "name": null, "length_km": 1.703, "source_class": "OSM contextual transport network" }, "geometry": { "type": "LineString", "coordinates": [ [ 6.3735007, 5.3013695 ], [ 6.3737022, 5.3003024 ], [ 6.3736221, 5.2997809 ], [ 6.3738316, 5.2992286 ], [ 6.3738255, 5.2988053 ], [ 6.3734866, 5.2981119 ], [ 6.3733448, 5.2970873 ], [ 6.3718783, 5.295314 ], [ 6.3709909, 5.2927799 ], [ 6.3704055, 5.292197 ], [ 6.3697585, 5.291835 ], [ 6.3696476, 5.2907551 ], [ 6.369093, 5.2903624 ], [ 6.3683659, 5.2895709 ], [ 6.3677743, 5.2884971 ], [ 6.3675463, 5.2883867 ] ] } },
{ "type": "Feature", "properties": { "road_id": "w938151535", "road_group": "track_path", "highway": "track", "name": null, "length_km": 5.632, "source_class": "OSM contextual transport network" }, "geometry": { "type": "LineString", "coordinates": [ [ 6.3406366, 5.2721016 ], [ 6.3414817, 5.2723591 ], [ 6.3428125, 5.2732824 ], [ 6.3436477, 5.2735361 ], [ 6.3443697, 5.2736066 ], [ 6.3451908, 5.2742269 ], [ 6.3452899, 5.2744383 ], [ 6.3452191, 5.2747626 ], [ 6.3455447, 5.2754604 ], [ 6.3453182, 5.2762145 ], [ 6.3443909, 5.2775608 ], [ 6.344306, 5.2778357 ], [ 6.3443697, 5.278611 ], [ 6.3450988, 5.2801052 ], [ 6.3457854, 5.2807537 ], [ 6.3462596, 5.2814938 ], [ 6.3464437, 5.2826426 ], [ 6.3462526, 5.2835448 ], [ 6.3463092, 5.2841298 ], [ 6.3474134, 5.2872381 ], [ 6.3477956, 5.2878654 ], [ 6.3490344, 5.288817 ], [ 6.3494166, 5.2893597 ], [ 6.3496643, 5.2899376 ], [ 6.3497705, 5.290727 ], [ 6.3500112, 5.2909526 ], [ 6.3503014, 5.2918195 ], [ 6.3505067, 5.292045 ], [ 6.3510234, 5.2923058 ], [ 6.3524674, 5.2924679 ], [ 6.3539185, 5.2921085 ], [ 6.3548882, 5.292623 ], [ 6.3555182, 5.292616 ], [ 6.3575567, 5.2945119 ], [ 6.3578116, 5.2951815 ], [ 6.3586945, 5.2960616 ], [ 6.3588906, 5.2965917 ], [ 6.3592316, 5.2969404 ], [ 6.3602309, 5.2973078 ], [ 6.3605718, 5.2975728 ], [ 6.3616926, 5.2978379 ], [ 6.3627574, 5.29781 ], [ 6.3638315, 5.2984982 ], [ 6.3644946, 5.2984517 ], [ 6.3647422, 5.2986237 ], [ 6.3651951, 5.2992701 ], [ 6.3666989, 5.3000839 ], [ 6.3677823, 5.3005117 ], [ 6.368763, 5.3004745 ], [ 6.3695709, 5.3007535 ], [ 6.3710793, 5.3016509 ], [ 6.3717372, 5.3024117 ] ] } },
{ "type": "Feature", "properties": { "road_id": "w938151542", "road_group": "track_path", "highway": "track", "name": null, "length_km": 0.321, "source_class": "OSM contextual transport network" }, "geometry": { "type": "LineString", "coordinates": [ [ 6.4078371, 5.2845727 ], [ 6.40808, 5.2845913 ], [ 6.4092008, 5.2840658 ], [ 6.4097565, 5.2840286 ], [ 6.4105822, 5.2841854 ] ] } },
{ "type": "Feature", "properties": { "road_id": "w949207692", "road_group": "track_path", "highway": "track", "name": null, "length_km": 0.073, "source_class": "OSM contextual transport network" }, "geometry": { "type": "LineString", "coordinates": [ [ 6.4548177, 5.3157122 ], [ 6.454877030133123, 5.316350597257323 ] ] } },
{ "type": "Feature", "properties": { "road_id": "w949207695", "road_group": "track_path", "highway": "track", "name": null, "length_km": 0.038, "source_class": "OSM contextual transport network" }, "geometry": { "type": "LineString", "coordinates": [ [ 6.455166086541593, 5.316471600777622 ], [ 6.4549033, 5.3162592 ] ] } },
{ "type": "Feature", "properties": { "road_id": "w949207713", "road_group": "track_path", "highway": "track", "name": null, "length_km": 1.153, "source_class": "OSM contextual transport network" }, "geometry": { "type": "LineString", "coordinates": [ [ 6.4553285, 5.3132421 ], [ 6.4561352, 5.3117296 ], [ 6.4567884, 5.3115026 ], [ 6.45738, 5.3115517 ], [ 6.4588281, 5.3114106 ], [ 6.4592409, 5.3113124 ], [ 6.4594997, 5.3110056 ], [ 6.4594689, 5.3108093 ], [ 6.4591362, 5.3104289 ], [ 6.4591115, 5.3080912 ], [ 6.4589452, 5.3076924 ], [ 6.4588712, 5.3063609 ], [ 6.4587455, 5.3061325 ] ] } },
{ "type": "Feature", "properties": { "road_id": "w949207714", "road_group": "track_path", "highway": "track", "name": null, "length_km": 0.542, "source_class": "OSM contextual transport network" }, "geometry": { "type": "LineString", "coordinates": [ [ 6.4583979, 5.3157941 ], [ 6.4587295, 5.3150245 ], [ 6.459395, 5.3142759 ], [ 6.4592902, 5.3135581 ], [ 6.4594628, 5.3130488 ], [ 6.4592409, 5.3113124 ] ] } },
{ "type": "Feature", "properties": { "road_id": "w949207717", "road_group": "track_path", "highway": "track", "name": null, "length_km": 0.265, "source_class": "OSM contextual transport network" }, "geometry": { "type": "LineString", "coordinates": [ [ 6.4571588, 5.3115441 ], [ 6.4572974, 5.3117901 ], [ 6.4577242, 5.3120937 ], [ 6.4592964, 5.3119751 ] ] } },
{ "type": "Feature", "properties": { "road_id": "w949207721", "road_group": "track_path", "highway": "track", "name": null, "length_km": 0.327, "source_class": "OSM contextual transport network" }, "geometry": { "type": "LineString", "coordinates": [ [ 6.490242, 5.3118014 ], [ 6.4902949, 5.31236 ], [ 6.4920349, 5.3139752 ] ] } },
{ "type": "Feature", "properties": { "road_id": "w949207722", "road_group": "track_path", "highway": "track", "name": null, "length_km": 0.416, "source_class": "OSM contextual transport network" }, "geometry": { "type": "LineString", "coordinates": [ [ 6.489994, 5.3129713 ], [ 6.4902461, 5.3139995 ], [ 6.4912462, 5.3142059 ], [ 6.4916148, 5.3136186 ], [ 6.4914332, 5.3126717 ] ] } },
{ "type": "Feature", "properties": { "road_id": "w949207741", "road_group": "track_path", "highway": "track", "name": null, "length_km": 0.092, "source_class": "OSM contextual transport network" }, "geometry": { "type": "LineString", "coordinates": [ [ 6.4894962, 5.3139332 ], [ 6.4897558, 5.3140864 ], [ 6.4902461, 5.3139995 ] ] } },
{ "type": "Feature", "properties": { "road_id": "w949655937", "road_group": "track_path", "highway": "track", "name": null, "length_km": 0.195, "source_class": "OSM contextual transport network" }, "geometry": { "type": "LineString", "coordinates": [ [ 6.4262564, 5.2820322 ], [ 6.4279592, 5.2816931 ] ] } },
{ "type": "Feature", "properties": { "road_id": "w949698741", "road_group": "track_path", "highway": "track", "name": null, "length_km": 0.527, "source_class": "OSM contextual transport network" }, "geometry": { "type": "LineString", "coordinates": [ [ 6.4287359, 5.3007612 ], [ 6.4297544, 5.3017952 ], [ 6.4311041, 5.3035075 ], [ 6.4315454, 5.3045336 ] ] } },
{ "type": "Feature", "properties": { "road_id": "w949698742", "road_group": "track_path", "highway": "track", "name": null, "length_km": 0.709, "source_class": "OSM contextual transport network" }, "geometry": { "type": "LineString", "coordinates": [ [ 6.4335483, 5.3051228 ], [ 6.4340462, 5.3055797 ], [ 6.4368138, 5.3073558 ], [ 6.4372244, 5.3079056 ], [ 6.4379302, 5.308459 ], [ 6.4387609, 5.3084997 ] ] } },
{ "type": "Feature", "properties": { "road_id": "w949850846", "road_group": "track_path", "highway": "track", "name": null, "length_km": 0.614, "source_class": "OSM contextual transport network" }, "geometry": { "type": "LineString", "coordinates": [ [ 6.435295, 5.3080324 ], [ 6.4347812, 5.3077077 ], [ 6.4341685, 5.3068758 ], [ 6.4330054, 5.305933 ], [ 6.4320258, 5.3054175 ], [ 6.4308352, 5.304989 ] ] } },
{ "type": "Feature", "properties": { "road_id": "w949850847", "road_group": "track_path", "highway": "track", "name": null, "length_km": 0.026, "source_class": "OSM contextual transport network" }, "geometry": { "type": "LineString", "coordinates": [ [ 6.4376622, 5.3098711 ], [ 6.437699829893078, 5.310104654116956 ] ] } },
{ "type": "Feature", "properties": { "road_id": "w949850851", "road_group": "track_path", "highway": "track", "name": null, "length_km": 0.114, "source_class": "OSM contextual transport network" }, "geometry": { "type": "LineString", "coordinates": [ [ 6.4359619, 5.3091797 ], [ 6.435759, 5.3090086 ], [ 6.4355952, 5.3090216 ], [ 6.435330075960602, 5.309534027393356 ] ] } },
{ "type": "Feature", "properties": { "road_id": "w949850863", "road_group": "track_path", "highway": "track", "name": null, "length_km": 0.183, "source_class": "OSM contextual transport network" }, "geometry": { "type": "LineString", "coordinates": [ [ 6.435216458327998, 5.3095066280602 ], [ 6.4349865, 5.3090918 ], [ 6.4349636, 5.3085294 ], [ 6.435295, 5.3080324 ] ] } },
{ "type": "Feature", "properties": { "road_id": "w949856978", "road_group": "track_path", "highway": "track", "name": null, "length_km": 0.932, "source_class": "OSM contextual transport network" }, "geometry": { "type": "LineString", "coordinates": [ [ 6.479193757856263, 5.251299546898855 ], [ 6.4708026, 5.250812 ] ] } },
{ "type": "Feature", "properties": { "road_id": "w950004167", "road_group": "track_path", "highway": "track", "name": null, "length_km": 4.175, "source_class": "OSM contextual transport network" }, "geometry": { "type": "LineString", "coordinates": [ [ 6.4419424, 5.3067682 ], [ 6.4421949, 5.3057302 ], [ 6.4419589, 5.3046833 ], [ 6.4419428, 5.3040583 ], [ 6.4420608, 5.30385 ], [ 6.4415136, 5.3019645 ], [ 6.4404354, 5.3002712 ], [ 6.4403013, 5.2991602 ], [ 6.4404461, 5.2976218 ], [ 6.4408592, 5.2971838 ], [ 6.4420876, 5.2965535 ], [ 6.442608, 5.2960888 ], [ 6.4438874, 5.2961362 ], [ 6.4452535, 5.2965591 ], [ 6.4470302, 5.2967846 ], [ 6.4473944, 5.296992 ], [ 6.4485783, 5.298132 ], [ 6.4491452, 5.2984081 ], [ 6.4525959, 5.2992671 ], [ 6.4538777, 5.3006477 ], [ 6.4558372, 5.3021264 ], [ 6.4561207, 5.3026111 ], [ 6.456133, 5.3031818 ], [ 6.4558623, 5.3039543 ], [ 6.4560656, 5.3051201 ], [ 6.4558315, 5.3069117 ], [ 6.455357, 5.3078198 ], [ 6.4548085, 5.3083904 ], [ 6.4548209, 5.3088076 ], [ 6.4546668, 5.3091635 ], [ 6.4548147, 5.309593 ], [ 6.4537874, 5.3113429 ] ] } },
{ "type": "Feature", "properties": { "road_id": "w950004168", "road_group": "track_path", "highway": "track", "name": null, "length_km": 0.433, "source_class": "OSM contextual transport network" }, "geometry": { "type": "LineString", "coordinates": [ [ 6.4536966, 5.3097152 ], [ 6.4545251, 5.3111883 ], [ 6.4553285, 5.3132421 ] ] } },
{ "type": "Feature", "properties": { "road_id": "w951658669", "road_group": "track_path", "highway": "track", "name": null, "length_km": 1.123, "source_class": "OSM contextual transport network" }, "geometry": { "type": "LineString", "coordinates": [ [ 6.4913214, 5.3140977 ], [ 6.4916659, 5.3143884 ], [ 6.4919556, 5.314373 ], [ 6.4921219, 5.3145233 ], [ 6.492618, 5.3144651 ], [ 6.4935084, 5.3147473 ], [ 6.4944358, 5.3148271 ], [ 6.495203, 5.3151185 ], [ 6.4956651, 5.3151338 ], [ 6.4963892, 5.3154161 ], [ 6.4973073, 5.3155909 ], [ 6.4991775, 5.3165788 ], [ 6.5006996, 5.3170819 ] ] } },
{ "type": "Feature", "properties": { "road_id": "w951658676", "road_group": "track_path", "highway": "track", "name": null, "length_km": 0.188, "source_class": "OSM contextual transport network" }, "geometry": { "type": "LineString", "coordinates": [ [ 6.5005887, 5.3170635 ], [ 6.5009348, 5.3164669 ], [ 6.500853, 5.3161647 ], [ 6.5009301, 5.3159275 ], [ 6.5013714, 5.3158996 ] ] } },
{ "type": "Feature", "properties": { "road_id": "w952482634", "road_group": "track_path", "highway": "track", "name": null, "length_km": 0.58, "source_class": "OSM contextual transport network" }, "geometry": { "type": "LineString", "coordinates": [ [ 6.5118792, 5.3276495 ], [ 6.5128076, 5.3274 ], [ 6.5136713, 5.3266789 ], [ 6.5136659, 5.3262997 ], [ 6.5140817, 5.3261341 ], [ 6.5146986, 5.3256748 ], [ 6.5161711, 5.3254985 ] ] } },
{ "type": "Feature", "properties": { "road_id": "w952482635", "road_group": "track_path", "highway": "track", "name": null, "length_km": 0.192, "source_class": "OSM contextual transport network" }, "geometry": { "type": "LineString", "coordinates": [ [ 6.5131533, 5.3325503 ], [ 6.512673, 5.3325096 ], [ 6.5124783, 5.3320797 ], [ 6.512496, 5.3318824 ], [ 6.5130365, 5.3317058 ] ] } },
{ "type": "Feature", "properties": { "road_id": "w952482638", "road_group": "track_path", "highway": "track", "name": null, "length_km": 0.279, "source_class": "OSM contextual transport network" }, "geometry": { "type": "LineString", "coordinates": [ [ 6.513655, 5.3359506 ], [ 6.5132421, 5.3360839 ], [ 6.5130714, 5.3356953 ], [ 6.512925, 5.3345902 ], [ 6.5134089, 5.3344354 ] ] } },
{ "type": "Feature", "properties": { "road_id": "w952482639", "road_group": "track_path", "highway": "track", "name": null, "length_km": 0.06, "source_class": "OSM contextual transport network" }, "geometry": { "type": "LineString", "coordinates": [ [ 6.5130627, 5.335618 ], [ 6.5135536, 5.3354097 ] ] } },
{ "type": "Feature", "properties": { "road_id": "w952482641", "road_group": "track_path", "highway": "track", "name": null, "length_km": 0.291, "source_class": "OSM contextual transport network" }, "geometry": { "type": "LineString", "coordinates": [ [ 6.5122633, 5.3287854 ], [ 6.5118473, 5.328847 ], [ 6.5112491, 5.3273888 ], [ 6.5114208, 5.3272233 ], [ 6.5117485, 5.3272856 ] ] } },
{ "type": "Feature", "properties": { "road_id": "w952482642", "road_group": "track_path", "highway": "track", "name": null, "length_km": 0.053, "source_class": "OSM contextual transport network" }, "geometry": { "type": "LineString", "coordinates": [ [ 6.5116166, 5.3282381 ], [ 6.5120567, 5.3281517 ] ] } },
{ "type": "Feature", "properties": { "road_id": "w953743546", "road_group": "track_path", "highway": "track", "name": null, "length_km": 2.35, "source_class": "OSM contextual transport network" }, "geometry": { "type": "LineString", "coordinates": [ [ 6.515361, 5.3490192 ], [ 6.5156256, 5.3490183 ], [ 6.5173674, 5.3505377 ], [ 6.5207721, 5.3528913 ], [ 6.5214605, 5.3532298 ], [ 6.5219222, 5.3532606 ], [ 6.5231919, 5.353004 ], [ 6.5269634, 5.3530791 ], [ 6.5351247, 5.3528854 ] ] } },
{ "type": "Feature", "properties": { "road_id": "w1034817744", "road_group": "track_path", "highway": "path", "name": null, "length_km": 0.044, "source_class": "OSM contextual transport network" }, "geometry": { "type": "LineString", "coordinates": [ [ 6.0594246, 4.9316408 ], [ 6.0590253, 4.9316551 ] ] } },
{ "type": "Feature", "properties": { "road_id": "w1034817746", "road_group": "track_path", "highway": "path", "name": null, "length_km": 0.101, "source_class": "OSM contextual transport network" }, "geometry": { "type": "LineString", "coordinates": [ [ 6.058368, 4.931853 ], [ 6.0583291, 4.9327546 ] ] } },
{ "type": "Feature", "properties": { "road_id": "w1034817747", "road_group": "track_path", "highway": "path", "name": null, "length_km": 0.133, "source_class": "OSM contextual transport network" }, "geometry": { "type": "LineString", "coordinates": [ [ 6.059426, 4.9319529 ], [ 6.0582575, 4.9317918 ] ] } },
{ "type": "Feature", "properties": { "road_id": "w1034817748", "road_group": "track_path", "highway": "path", "name": null, "length_km": 0.024, "source_class": "OSM contextual transport network" }, "geometry": { "type": "LineString", "coordinates": [ [ 6.0590269, 4.9298277 ], [ 6.0592407, 4.929773 ] ] } },
{ "type": "Feature", "properties": { "road_id": "w1034817749", "road_group": "track_path", "highway": "path", "name": null, "length_km": 0.102, "source_class": "OSM contextual transport network" }, "geometry": { "type": "LineString", "coordinates": [ [ 6.0588346, 4.9292685 ], [ 6.0580733, 4.9297672 ] ] } },
{ "type": "Feature", "properties": { "road_id": "w1034817751", "road_group": "track_path", "highway": "path", "name": null, "length_km": 0.04, "source_class": "OSM contextual transport network" }, "geometry": { "type": "LineString", "coordinates": [ [ 6.0587427, 4.9288741 ], [ 6.0583948, 4.9289591 ] ] } },
{ "type": "Feature", "properties": { "road_id": "w1034817752", "road_group": "track_path", "highway": "path", "name": null, "length_km": 0.201, "source_class": "OSM contextual transport network" }, "geometry": { "type": "LineString", "coordinates": [ [ 6.0585642, 4.9280677 ], [ 6.0571685, 4.9288129 ], [ 6.0571019, 4.9290207 ] ] } },
{ "type": "Feature", "properties": { "road_id": "w1034817753", "road_group": "track_path", "highway": "path", "name": null, "length_km": 0.05, "source_class": "OSM contextual transport network" }, "geometry": { "type": "LineString", "coordinates": [ [ 6.058529, 4.9278008 ], [ 6.0589481, 4.92767 ] ] } },
{ "type": "Feature", "properties": { "road_id": "w1034817754", "road_group": "track_path", "highway": "path", "name": null, "length_km": 0.295, "source_class": "OSM contextual transport network" }, "geometry": { "type": "LineString", "coordinates": [ [ 6.0582796, 4.9266397 ], [ 6.057463, 4.9269167 ], [ 6.0566654, 4.9268686 ], [ 6.0561121, 4.9269571 ], [ 6.0557268, 4.9271466 ] ] } },
{ "type": "Feature", "properties": { "road_id": "w1034817756", "road_group": "track_path", "highway": "path", "name": null, "length_km": 0.107, "source_class": "OSM contextual transport network" }, "geometry": { "type": "LineString", "coordinates": [ [ 6.0574355, 4.9210116 ], [ 6.0570787, 4.9201275 ] ] } },
{ "type": "Feature", "properties": { "road_id": "w1034817758", "road_group": "track_path", "highway": "path", "name": null, "length_km": 0.114, "source_class": "OSM contextual transport network" }, "geometry": { "type": "LineString", "coordinates": [ [ 6.0576211, 4.9227219 ], [ 6.0571009, 4.9223806 ], [ 6.0567089, 4.9223508 ] ] } },
{ "type": "Feature", "properties": { "road_id": "w1034817759", "road_group": "track_path", "highway": "path", "name": null, "length_km": 0.076, "source_class": "OSM contextual transport network" }, "geometry": { "type": "LineString", "coordinates": [ [ 6.0573085, 4.9232364 ], [ 6.0578135, 4.92341 ], [ 6.057857, 4.9235447 ] ] } },
{ "type": "Feature", "properties": { "road_id": "w1034818850", "road_group": "track_path", "highway": "path", "name": null, "length_km": 0.168, "source_class": "OSM contextual transport network" }, "geometry": { "type": "LineString", "coordinates": [ [ 6.0869499, 5.0399094 ], [ 6.0867688, 5.0396634 ], [ 6.0864282, 5.0395591 ], [ 6.0857026, 5.0397981 ] ] } },
{ "type": "Feature", "properties": { "road_id": "w1034818852", "road_group": "track_path", "highway": "path", "name": null, "length_km": 0.021, "source_class": "OSM contextual transport network" }, "geometry": { "type": "LineString", "coordinates": [ [ 6.0856399, 5.0403455 ], [ 6.0856111, 5.0401651 ] ] } },
{ "type": "Feature", "properties": { "road_id": "w1034818854", "road_group": "track_path", "highway": "path", "name": null, "length_km": 0.123, "source_class": "OSM contextual transport network" }, "geometry": { "type": "LineString", "coordinates": [ [ 6.0870991, 5.0399162 ], [ 6.0859968, 5.039955 ] ] } },
{ "type": "Feature", "properties": { "road_id": "w1034829479", "road_group": "track_path", "highway": "path", "name": null, "length_km": 0.204, "source_class": "OSM contextual transport network" }, "geometry": { "type": "LineString", "coordinates": [ [ 6.3663583, 5.2425932 ], [ 6.3658238, 5.2431229 ], [ 6.3657338, 5.2434736 ], [ 6.3654927, 5.2436846 ], [ 6.3654411, 5.2440631 ] ] } },
{ "type": "Feature", "properties": { "road_id": "w1034829482", "road_group": "track_path", "highway": "path", "name": null, "length_km": 0.139, "source_class": "OSM contextual transport network" }, "geometry": { "type": "LineString", "coordinates": [ [ 6.3838003, 5.2397507 ], [ 6.3830025, 5.2393407 ], [ 6.3826701, 5.2394119 ] ] } },
{ "type": "Feature", "properties": { "road_id": "w1034829487", "road_group": "track_path", "highway": "path", "name": null, "length_km": 0.114, "source_class": "OSM contextual transport network" }, "geometry": { "type": "LineString", "coordinates": [ [ 6.3852502, 5.2450164 ], [ 6.3858947, 5.2442186 ] ] } },
{ "type": "Feature", "properties": { "road_id": "w1034829496", "road_group": "track_path", "highway": "path", "name": null, "length_km": 0.081, "source_class": "OSM contextual transport network" }, "geometry": { "type": "LineString", "coordinates": [ [ 6.3791294, 5.2449463 ], [ 6.3790257, 5.245668 ] ] } },
{ "type": "Feature", "properties": { "road_id": "w1034829497", "road_group": "track_path", "highway": "path", "name": null, "length_km": 0.101, "source_class": "OSM contextual transport network" }, "geometry": { "type": "LineString", "coordinates": [ [ 6.3799779, 5.2447196 ], [ 6.3800136, 5.2456351 ] ] } },
{ "type": "Feature", "properties": { "road_id": "w1034829500", "road_group": "track_path", "highway": "path", "name": null, "length_km": 0.059, "source_class": "OSM contextual transport network" }, "geometry": { "type": "LineString", "coordinates": [ [ 6.384112, 5.2404183 ], [ 6.3839785, 5.2409284 ] ] } },
{ "type": "Feature", "properties": { "road_id": "w1034829510", "road_group": "track_path", "highway": "path", "name": null, "length_km": 0.154, "source_class": "OSM contextual transport network" }, "geometry": { "type": "LineString", "coordinates": [ [ 6.3729575, 5.2444217 ], [ 6.3743483, 5.244468 ] ] } },
{ "type": "Feature", "properties": { "road_id": "w1034829511", "road_group": "track_path", "highway": "path", "name": null, "length_km": 0.056, "source_class": "OSM contextual transport network" }, "geometry": { "type": "LineString", "coordinates": [ [ 6.3705445, 5.2447206 ], [ 6.3708071, 5.2443071 ] ] } },
{ "type": "Feature", "properties": { "road_id": "w1034829512", "road_group": "track_path", "highway": "path", "name": null, "length_km": 0.12, "source_class": "OSM contextual transport network" }, "geometry": { "type": "LineString", "coordinates": [ [ 6.3710452, 5.2434439 ], [ 6.3712865, 5.2440644 ], [ 6.3715726, 5.2443625 ] ] } },
{ "type": "Feature", "properties": { "road_id": "w1034829514", "road_group": "track_path", "highway": "path", "name": null, "length_km": 0.073, "source_class": "OSM contextual transport network" }, "geometry": { "type": "LineString", "coordinates": [ [ 6.3667764, 5.2415863 ], [ 6.3669296, 5.2409522 ] ] } },
{ "type": "Feature", "properties": { "road_id": "w1034829931", "road_group": "track_path", "highway": "path", "name": null, "length_km": 0.067, "source_class": "OSM contextual transport network" }, "geometry": { "type": "LineString", "coordinates": [ [ 6.4370129, 5.3091075 ], [ 6.4366444, 5.3095606 ] ] } },
{ "type": "Feature", "properties": { "road_id": "w1034830490", "road_group": "track_path", "highway": "path", "name": null, "length_km": 0.044, "source_class": "OSM contextual transport network" }, "geometry": { "type": "LineString", "coordinates": [ [ 6.4522469, 5.3147008 ], [ 6.4518952, 5.3145088 ] ] } },
{ "type": "Feature", "properties": { "road_id": "w1034830491", "road_group": "track_path", "highway": "path", "name": null, "length_km": 0.068, "source_class": "OSM contextual transport network" }, "geometry": { "type": "LineString", "coordinates": [ [ 6.4523525, 5.3130967 ], [ 6.4518622, 5.3127574 ] ] } },
{ "type": "Feature", "properties": { "road_id": "w1034830492", "road_group": "track_path", "highway": "path", "name": null, "length_km": 0.164, "source_class": "OSM contextual transport network" }, "geometry": { "type": "LineString", "coordinates": [ [ 6.4528988, 5.3139895 ], [ 6.4527257, 5.3136292 ], [ 6.4527488, 5.3133189 ], [ 6.4526222, 5.3131642 ], [ 6.4523525, 5.3130967 ], [ 6.4524017, 5.3128286 ] ] } },
{ "type": "Feature", "properties": { "road_id": "w1034832773", "road_group": "track_path", "highway": "path", "name": null, "length_km": 0.081, "source_class": "OSM contextual transport network" }, "geometry": { "type": "LineString", "coordinates": [ [ 6.4727464, 5.3178193 ], [ 6.4723817, 5.3171823 ] ] } },
{ "type": "Feature", "properties": { "road_id": "w1034832774", "road_group": "track_path", "highway": "path", "name": null, "length_km": 0.125, "source_class": "OSM contextual transport network" }, "geometry": { "type": "LineString", "coordinates": [ [ 6.4719817, 5.3182115 ], [ 6.4717747, 5.3177403 ], [ 6.4722245, 5.3173304 ] ] } },
{ "type": "Feature", "properties": { "road_id": "w1034832775", "road_group": "track_path", "highway": "path", "name": null, "length_km": 0.099, "source_class": "OSM contextual transport network" }, "geometry": { "type": "LineString", "coordinates": [ [ 6.4707706, 5.3154273 ], [ 6.470865, 5.3153026 ], [ 6.4707186, 5.3151304 ], [ 6.4710463, 5.3147561 ] ] } },
{ "type": "Feature", "properties": { "road_id": "w1034832776", "road_group": "track_path", "highway": "path", "name": null, "length_km": 0.144, "source_class": "OSM contextual transport network" }, "geometry": { "type": "LineString", "coordinates": [ [ 6.4712563, 5.318544 ], [ 6.4708517, 5.31783 ], [ 6.4704259, 5.3179426 ] ] } },
{ "type": "Feature", "properties": { "road_id": "w1034832777", "road_group": "track_path", "highway": "path", "name": null, "length_km": 0.035, "source_class": "OSM contextual transport network" }, "geometry": { "type": "LineString", "coordinates": [ [ 6.4703101, 5.3183866 ], [ 6.4701098, 5.3186233 ] ] } },
{ "type": "Feature", "properties": { "road_id": "w1042182594", "road_group": "track_path", "highway": "track", "name": null, "length_km": 0.139, "source_class": "OSM contextual transport network" }, "geometry": { "type": "LineString", "coordinates": [ [ 6.3952473, 5.2479618 ], [ 6.3948557, 5.2479831 ], [ 6.3940483, 5.2477761 ] ] } },
{ "type": "Feature", "properties": { "road_id": "w1051919398", "road_group": "track_path", "highway": "track", "name": null, "length_km": 0.019, "source_class": "OSM contextual transport network" }, "geometry": { "type": "LineString", "coordinates": [ [ 6.4912462, 5.3142059 ], [ 6.4912696, 5.3143722 ] ] } }
]
}
